,UP,DOWN,FLAT
0,0.38752422,1.0000001,0.38473287
1,1.0000001,0.38752422,0.39657235
2,0.3873487,0.38688,0.38384208
3,0.3974613,0.39970338,0.39996755
4,0.38074106,0.39000717,0.37729347
5,0.39657235,0.38473287,1.0
6,0.40289778,0.38239995,0.3906569
7,0.38526437,0.39435798,0.38761267
8,0.3738057,0.36559036,0.38157514
9,0.3852935,0.40380293,0.39045036
10,0.378709,0.38653323,0.37482277
11,0.3844515,0.40016675,0.38849565
12,0.37058213,0.37726974,0.3884513
13,0.3920091,0.3832705,0.38305682
14,0.39090985,0.3855502,0.38812688
15,0.37858215,0.39545017,0.41082755
16,0.3846534,0.39404544,0.3884508
17,0.40402856,0.394165,0.39401773
18,0.37193823,0.38715032,0.3657137
19,0.38758135,0.39597532,0.39418465
20,0.375058,0.3895122,0.37922713
21,0.38971928,0.3917132,0.38307178
22,0.3865968,0.39985806,0.3925442
23,0.39106587,0.38182896,0.38214988
24,0.36737865,0.3704275,0.3858992
25,0.38220206,0.38250884,0.385918
26,0.38352883,0.4125202,0.3898413
27,0.3931048,0.39198557,0.37289673
28,0.38712868,0.39380735,0.40085465
29,0.39365923,0.38601613,0.38556504
30,0.40171278,0.3736156,0.37827832
31,0.36676624,0.36690712,0.39224553
32,0.38024414,0.3930575,0.3921737
33,0.38082176,0.3945696,0.38603008
34,0.38567135,0.40393972,0.39156306
35,0.4074922,0.3969228,0.3909154
36,0.3833121,0.38865063,0.3911987
37,0.39662993,0.38478065,0.37576145
38,0.42341906,0.43042183,0.39604875
39,0.39003265,0.39165542,0.39974746
40,0.38086832,0.39465526,0.40547064
41,0.37576473,0.38265464,0.39602593
42,0.35571066,0.37494344,0.368248
43,0.39228928,0.3818924,0.39262116
44,0.3935908,0.4002753,0.3773687
45,0.38725504,0.39866284,0.3839361
46,0.37973902,0.3802878,0.39268768
47,0.38721886,0.38614792,0.3947121
48,0.3780729,0.38660067,0.3916909
49,0.38859466,0.40728354,0.38677678
50,0.3862969,0.38934138,0.37518185
51,0.40404487,0.3908981,0.40729678
52,0.40560415,0.39549434,0.3831421
53,0.38113448,0.37956187,0.38268942
54,0.39658508,0.38296875,0.395339
55,0.36788383,0.3533353,0.3743031
56,0.39636075,0.41679892,0.3831827
57,0.3843898,0.38751346,0.38426772
58,0.38106337,0.38816416,0.38825005
59,0.39913714,0.41366687,0.3981247
60,0.3950754,0.3894416,0.39594018
61,0.39627585,0.3966685,0.3959432
62,0.38499585,0.3957462,0.39174554
63,0.37914565,0.3821456,0.40511128
64,0.40534174,0.42922786,0.38541308
65,0.39693537,0.38630405,0.39374158
66,0.40651435,0.39710322,0.39468423
67,0.39172828,0.412627,0.39379543
68,0.3762453,0.3763778,0.37440336
69,0.39197406,0.36795828,0.37510625
70,0.36355937,0.3665934,0.36868432
71,0.38897413,0.40047595,0.39933503
72,0.38560614,0.38589978,0.39936683
73,0.40058652,0.41208526,0.37489775
74,0.4059736,0.3981237,0.39221483
75,0.40659183,0.39354086,0.39180583
76,0.39504284,0.38955414,0.39346582
77,0.3662734,0.3842993,0.37876618
78,0.40443975,0.40688142,0.37937132
79,0.40469888,0.39604646,0.38931972
80,0.38718116,0.3962393,0.38512656
81,0.3925694,0.37371296,0.37483642
82,0.40069005,0.3946203,0.39138225
83,0.3952561,0.41525406,0.40199775
84,0.3955866,0.3781348,0.39042878
85,0.34873897,0.3392463,0.35609767
86,0.3927553,0.38888106,0.39872512
87,0.38734013,0.3943661,0.39610758
88,0.40259433,0.4084071,0.3940856
89,0.38976,0.39841658,0.3883948
90,0.40500444,0.38524392,0.38393065
91,0.38150802,0.38383657,0.40279493
92,0.36384836,0.38084006,0.38450873
93,0.3823739,0.38519362,0.3855138
94,0.38861483,0.39387596,0.3982237
95,0.39958403,0.3988822,0.38718063
96,0.40517595,0.39838675,0.38407394
97,0.38074356,0.37554446,0.38024428
98,0.3832487,0.3938742,0.38373965
99,0.3832487,0.3938742,0.38373965
100,0.40279526,0.40245697,0.40346578
101,0.39277375,0.38567206,0.38586044
102,0.39170304,0.38608676,0.39822602
103,0.4008785,0.38340876,0.37718233
104,0.3960077,0.39234367,0.39117432
105,0.36829165,0.38761538,0.3845428
106,0.3944759,0.38104805,0.3863428
107,0.38210237,0.37598547,0.3792801
108,0.37257224,0.38093254,0.39329678
109,0.3960436,0.39423034,0.39435416
110,0.3873504,0.39752883,0.38962054
111,0.37999344,0.37731785,0.3963788
112,0.38606495,0.41604865,0.38713062
113,0.3537944,0.34742776,0.3556205
114,0.38843685,0.38159463,0.38964707
115,0.38549167,0.39501157,0.3890278
116,0.40095145,0.40957788,0.3826421
117,0.3830568,0.38298702,0.38263837
118,0.40745834,0.39250827,0.37644598
119,0.39860255,0.3905169,0.39876464
120,0.38372806,0.37535775,0.38603666
121,0.37912259,0.3834438,0.37844002
122,0.41343072,0.392359,0.40283862
123,0.3710262,0.37727278,0.39533067
124,0.38040248,0.38478675,0.400318
125,0.38990104,0.38983935,0.3935485
126,0.40494248,0.38331142,0.3901186
127,0.3750529,0.37368125,0.37456357
128,0.3887335,0.3893124,0.37995887
129,0.37207976,0.39341146,0.39096534
130,0.37931734,0.38621578,0.37675503
131,0.37214786,0.37600893,0.3917782
132,0.36554286,0.37818176,0.39732167
133,0.38813543,0.3816076,0.3778218
134,0.38244706,0.3865659,0.40153918
135,0.38011363,0.38424125,0.39809233
136,0.418931,0.37395132,0.38651285
137,0.37207976,0.39341146,0.39096534
138,0.37392485,0.3738012,0.37657973
139,0.40489182,0.3781602,0.38697216
140,0.3790695,0.3811205,0.38938123
141,0.40510267,0.36610445,0.38842225
142,0.39194027,0.38951257,0.38796714
143,0.3701729,0.38292867,0.3917142
144,0.3864066,0.37965578,0.37799582
145,0.379909,0.38677892,0.39836377
146,0.3858141,0.40125802,0.390117
147,0.37450528,0.37796625,0.39057496
148,0.40307096,0.40827462,0.40295792
149,0.38984892,0.37497777,0.3954456
150,0.4069009,0.42125192,0.3780866
151,0.4116738,0.39491537,0.38980445
152,0.37645876,0.37947446,0.39402035
153,0.38203144,0.40700376,0.37551588
154,0.37710375,0.36655614,0.37882403
155,0.37251762,0.38773647,0.39244026
156,0.39435753,0.38351813,0.3856324
157,0.39580232,0.40047598,0.40158448
158,0.38205612,0.387227,0.38403386
159,0.38850296,0.37291548,0.39304757
160,0.4061964,0.40534386,0.396313
161,0.38732174,0.3866059,0.36695376
162,0.38578406,0.4002312,0.40738836
163,0.3921533,0.37990016,0.39234018
164,0.37514946,0.3704884,0.39172918
165,0.38933134,0.38661274,0.37782907
166,0.38065246,0.37038,0.3914301
167,0.3922413,0.37193388,0.3740183
168,0.38602835,0.38408345,0.3937368
169,0.36386585,0.37491855,0.37893265
170,0.39443198,0.3941097,0.39691865
171,0.39310688,0.39081115,0.37868807
172,0.39125597,0.37776735,0.40323997
173,0.38492978,0.4034854,0.39330998
174,0.387888,0.38819307,0.39855593
175,0.41662163,0.3784168,0.38634494
176,0.38346216,0.37231156,0.39395523
177,0.37804183,0.38230625,0.39043364
178,0.38267204,0.38863578,0.38870248
179,0.38792798,0.39186108,0.38974288
180,0.42097172,0.3726115,0.37799394
181,0.42566177,0.40442738,0.3820082
182,0.39710104,0.3871901,0.38850215
183,0.39350381,0.38759696,0.39939782
184,0.36690417,0.37278476,0.3758946
185,0.40449712,0.3959761,0.39945453
186,0.3759089,0.37532014,0.37348247
187,0.38886002,0.3870848,0.38636643
188,0.38148022,0.3878906,0.3799046
189,0.3812331,0.38238853,0.39858904
190,0.39048195,0.40792236,0.38838375
191,0.3729251,0.38767117,0.38789958
192,0.4098092,0.39672855,0.4249642
193,0.37813237,0.38752973,0.39464605
194,0.38708028,0.40326342,0.39715877
195,0.40590313,0.38984534,0.4086007
196,0.39483982,0.39393622,0.38479972
197,0.3872068,0.39603692,0.38912123
198,0.38813013,0.387509,0.39496538
199,0.4042549,0.41376463,0.3729937
200,0.38474035,0.3793022,0.3941317
201,0.3694495,0.37499782,0.3757134
202,0.38066617,0.40348297,0.38611615
203,0.392763,0.38283345,0.37422383
204,0.39005587,0.3859603,0.3949264
205,0.37558627,0.38190928,0.39908686
206,0.37640968,0.37662315,0.38249287
207,0.3762741,0.3822516,0.38458133
208,0.38599637,0.40065932,0.40052247
209,0.38919303,0.3948979,0.39065793
210,0.38598946,0.38619864,0.3970213
211,0.39853314,0.38472512,0.3919111
212,0.39717194,0.39728048,0.38911653
213,0.3847543,0.38215122,0.38620326
214,0.385875,0.4047685,0.3934607
215,0.3762741,0.3822516,0.38458133
216,0.40735835,0.41235018,0.39027432
217,0.3844469,0.39646202,0.42758024
218,0.3872877,0.38759795,0.38379917
219,0.37600967,0.38743526,0.3934133
220,0.39964646,0.40212506,0.3971626
221,0.3765116,0.39321193,0.38500318
222,0.41443187,0.3963094,0.38325775
223,0.3659126,0.36452547,0.3726137
224,0.38598353,0.3848081,0.38014713
225,0.39913714,0.41366687,0.3981247
226,0.37207976,0.39341146,0.39096534
227,0.38306096,0.37542117,0.39381137
228,0.37438175,0.37886587,0.39132324
229,0.41266617,0.3890415,0.4046994
230,0.41124427,0.39736345,0.39975336
231,0.3827259,0.3774603,0.38856107
232,0.38573214,0.3708182,0.3910904
233,0.40060768,0.3822746,0.3782724
234,0.3918725,0.4044355,0.3857905
235,0.37991792,0.382076,0.3875959
236,0.39743847,0.40340725,0.39425704
237,0.36968416,0.38215488,0.3890047
238,0.385144,0.3851202,0.3769476
239,0.38402325,0.39092827,0.38363275
240,0.41417208,0.4067292,0.3937545
241,0.39576563,0.3847401,0.37430468
242,0.39072406,0.39699695,0.39543316
243,0.39767984,0.40864152,0.38191643
244,0.39220044,0.3781016,0.37913987
245,0.3901679,0.4015894,0.39621988
246,0.3984736,0.40962481,0.39323172
247,0.4332618,0.4035086,0.38991886
248,0.39877057,0.43292746,0.39286038
249,0.3886468,0.3718021,0.37330794
250,0.37140852,0.36483926,0.37780166
251,0.40727702,0.39260927,0.3868615
252,0.39293858,0.39436603,0.36906314
253,0.36676854,0.37194374,0.39049664
254,0.36965573,0.3704904,0.4066713
255,0.39743143,0.39210063,0.3830877
256,0.39651835,0.3854051,0.38272953
257,0.38549748,0.37679633,0.37673193
258,0.3723094,0.3767483,0.3869458
259,0.37869486,0.38685662,0.3924954
260,0.38503343,0.38780427,0.38964048
261,0.3937092,0.39208242,0.39028248
262,0.3974613,0.39970338,0.39996755
263,0.3828644,0.38661695,0.3957934
264,0.39130628,0.39294663,0.3901089
265,0.38234577,0.37404552,0.38497084
266,0.3790695,0.3811205,0.38938123
267,0.39511707,0.3944762,0.38722837
268,0.36811128,0.36071914,0.38116953
269,0.38647774,0.38509342,0.38722542
270,0.38975656,0.394503,0.3946109
271,0.38770625,0.38400516,0.39632133
272,0.38822725,0.38569546,0.39142677
273,0.4049848,0.3961237,0.39584434
274,0.39300394,0.3795263,0.37889174
275,0.3847823,0.38971582,0.39330813
276,0.40590313,0.38984534,0.4086007
277,0.3834247,0.3788585,0.37726712
278,0.41152936,0.39046586,0.3887983
279,0.406884,0.39066508,0.37364313
280,0.4090365,0.39411274,0.37595275
281,0.37813237,0.38752973,0.39464605
282,0.38942334,0.39748177,0.3972635
283,0.38543028,0.3804717,0.39359057
284,0.37499696,0.37240967,0.39713228
285,0.3859072,0.39105004,0.4110618
286,0.3981962,0.404627,0.39687026
287,0.38570002,0.3877803,0.39390805
288,0.39175272,0.4066841,0.39133778
289,0.3714449,0.38565204,0.38852072
290,0.38026735,0.37217215,0.38216874
291,0.37708515,0.38834652,0.3957826
292,0.38348803,0.38093656,0.38840234
293,0.4027326,0.3787154,0.39995113
294,0.38569173,0.3872253,0.3735157
295,0.4040043,0.37926066,0.37936458
296,0.36613992,0.35636848,0.36942866
297,0.40189478,0.4080932,0.38197228
298,0.38473073,0.3974227,0.38898104
299,0.38687727,0.37584853,0.36859787
300,0.38291812,0.38052452,0.37350518
301,0.37594768,0.38425708,0.3794658
302,0.40019527,0.3952037,0.38587248
303,0.3845428,0.3869578,0.38566574
304,0.38141486,0.39468712,0.4064422
305,0.4138938,0.38882062,0.39691287
306,0.39793268,0.39069825,0.365859
307,0.3818543,0.38263103,0.39486608
308,0.39661303,0.39951584,0.39257085
309,0.38644743,0.3733467,0.3912548
310,0.38472578,0.4120888,0.38580996
311,0.39084747,0.41363353,0.38667375
312,0.3719609,0.39879742,0.38226023
313,0.37813237,0.38752973,0.39464605
314,0.37136483,0.3842367,0.40461946
315,0.39721954,0.3871442,0.3927812
316,0.39050627,0.38392043,0.3963875
317,0.38911608,0.38962433,0.39601004
318,0.3899972,0.39480832,0.37934634
319,0.37242,0.3906037,0.40084708
320,0.39325044,0.38038707,0.389053
321,0.38796276,0.39212564,0.40554747
322,0.39305055,0.39771754,0.39010173
323,0.38988307,0.39682555,0.4034084
324,0.38060135,0.38377586,0.37567967
325,0.39579603,0.38265193,0.37448958
326,0.38901728,0.39885798,0.3797371
327,0.3830161,0.37073815,0.38437447
328,0.37078688,0.36502492,0.3767863
329,0.3836798,0.3851694,0.39812365
330,0.37843335,0.3909626,0.3846739
331,0.39252588,0.40825346,0.40452558
332,0.34873897,0.3392463,0.35609767
333,0.40654173,0.4041037,0.40163204
334,0.39090216,0.3868232,0.38472095
335,0.39508596,0.40542692,0.37982428
336,0.40095145,0.40957788,0.3826421
337,0.38491338,0.3831964,0.39935216
338,0.39178857,0.39072034,0.3976091
339,0.3991911,0.40916777,0.40643272
340,0.383176,0.38953736,0.3827184
341,0.3778969,0.378741,0.40937117
342,0.3747073,0.37829858,0.39149368
343,0.37982994,0.38921738,0.40006006
344,0.39299574,0.3886064,0.37796855
345,0.38569432,0.375735,0.38517505
346,0.39981702,0.39256853,0.42791727
347,0.39062983,0.38403314,0.39445066
348,0.39109927,0.36796847,0.3870481
349,0.39341596,0.38370776,0.380543
350,0.39165267,0.385629,0.39755288
351,0.39738682,0.41340712,0.38441116
352,0.3959379,0.388366,0.38808903
353,0.38370118,0.38809863,0.38824895
354,0.40987992,0.40533593,0.3945883
355,0.38859466,0.40728354,0.38677678
356,0.3785137,0.3821046,0.3903456
357,0.3929401,0.39278218,0.38678697
358,0.389466,0.39496765,0.38978937
359,0.39544788,0.41504824,0.40081146
360,0.38299942,0.38045973,0.38575
361,0.40155974,0.39584884,0.39580014
362,0.39632416,0.38708428,0.39601097
363,0.38706842,0.4021176,0.400643
364,0.3816454,0.38281614,0.3937141
365,0.4085369,0.39340177,0.3929486
366,0.40317622,0.39987442,0.39849496
367,0.38569197,0.38762516,0.3804659
368,0.38403344,0.38066915,0.37219992
369,0.36286923,0.363992,0.3748949
370,0.36533597,0.3788159,0.3898518
371,0.37699154,0.37999398,0.3903683
372,0.37594768,0.38425708,0.3794658
373,0.37879303,0.37986746,0.39122108
374,0.40747607,0.3962458,0.37938353
375,0.39158928,0.38175282,0.38508728
376,0.40721637,0.3884097,0.4001649
377,0.390528,0.38689888,0.3921784
378,0.40262982,0.39995518,0.4037458
379,0.38749245,0.41167402,0.38400358
380,0.3891628,0.390877,0.38925958
381,0.3934288,0.39474112,0.38850465
382,0.38767704,0.38820615,0.38622957
383,0.3790079,0.3758267,0.37901744
384,0.37774208,0.37018663,0.38185915
385,0.3923302,0.38501143,0.3842058
386,0.38972288,0.39310527,0.39320883
387,0.39495918,0.38698128,0.4015266
388,0.39171204,0.39231563,0.3884851
389,0.39527893,0.39839107,0.39125153
390,0.3939936,0.3939473,0.39412346
391,0.39979455,0.39074594,0.40755883
392,0.36232996,0.37449542,0.37792626
393,0.39584598,0.39868757,0.3968571
394,0.38708958,0.39024287,0.387275
395,0.41779405,0.3843164,0.39773747
396,0.39451313,0.40414828,0.39158168
397,0.39728087,0.393321,0.38389736
398,0.38426536,0.377495,0.39461055
399,0.37820917,0.3875653,0.38650274
400,0.394515,0.37178773,0.38647038
401,0.39305493,0.39899847,0.39170638
402,0.39148796,0.39723033,0.37695083
403,0.37817818,0.3717506,0.3777799
404,0.3860803,0.41973406,0.40114668
405,0.38220206,0.38250884,0.385918
406,0.38839293,0.3840686,0.39887038
407,0.3967968,0.39475808,0.38989073
408,0.39030185,0.38420355,0.38707364
409,0.4029061,0.38775492,0.3730739
410,0.3826995,0.38468206,0.401311
411,0.38361618,0.37523505,0.39219746
412,0.3784587,0.38768998,0.37605336
413,0.38440412,0.39473638,0.38546824
414,0.38919303,0.3948979,0.39065793
415,0.38907072,0.38025868,0.39841968
416,0.37887654,0.3748453,0.38223642
417,0.39186808,0.4183895,0.38901916
418,0.37821752,0.3775829,0.38204843
419,0.3910658,0.37591028,0.39302933
420,0.38965237,0.3779322,0.3856343
421,0.35940617,0.3639247,0.38067323
422,0.38438126,0.38209027,0.3725696
423,0.38264078,0.38403735,0.38021845
424,0.3795469,0.36625084,0.3754939
425,0.3983856,0.38798237,0.3910246
426,0.38345033,0.40378818,0.39042267
427,0.37481892,0.38534868,0.3894703
428,0.3955398,0.39211503,0.38146153
429,0.39940122,0.41031185,0.394644
430,0.3762161,0.38731793,0.37599438
431,0.37758717,0.37993386,0.38557875
432,0.38090485,0.37935513,0.38853353
433,0.3866755,0.37786803,0.38119665
434,0.35571066,0.37494344,0.368248
435,0.39158928,0.38175282,0.38508728
436,0.40090844,0.4025529,0.40450242
437,0.40284628,0.37704974,0.3943636
438,0.39392674,0.38851616,0.4033024
439,0.39975026,0.38858813,0.3884112
440,0.3789403,0.38700873,0.36605027
441,0.39381182,0.38877153,0.3928544
442,0.38804024,0.3881676,0.39804018
443,0.3916822,0.4038301,0.37954572
444,0.38798177,0.3757962,0.39374188
445,0.4171242,0.3955151,0.39334375
446,0.38784105,0.39298517,0.39657593
447,0.4014602,0.38673195,0.38760567
448,0.40406963,0.3853708,0.38864714
449,0.37115884,0.36760274,0.36954102
450,0.38654885,0.39148745,0.38980457
451,0.38951117,0.38923052,0.40273207
452,0.38675332,0.37487334,0.4087992
453,0.39793268,0.39069825,0.365859
454,0.39427543,0.404948,0.39044508
455,0.37315002,0.37579486,0.39032176
456,0.3923517,0.37406892,0.39313054
457,0.38445187,0.37971827,0.3870748
458,0.38477638,0.3877445,0.4018191
459,0.38850296,0.37291548,0.39304757
460,0.38146025,0.38491088,0.37315696
461,0.39443198,0.3941097,0.39691865
462,0.38463855,0.38888434,0.39736453
463,0.40810347,0.38065472,0.3907621
464,0.39766842,0.37966773,0.38080642
465,0.3624479,0.38189355,0.39567506
466,0.40810347,0.38065472,0.3907621
467,0.40510267,0.36610445,0.38842225
468,0.3701148,0.379669,0.3869292
469,0.38693815,0.3868332,0.4015484
470,0.3847066,0.3776949,0.38080522
471,0.4069009,0.42125192,0.3780866
472,0.39645147,0.4009455,0.39584666
473,0.37558627,0.38190928,0.39908686
474,0.38048783,0.3732929,0.38855466
475,0.3847565,0.39747953,0.38578323
476,0.3725868,0.39114723,0.3863016
477,0.36915517,0.36207214,0.38031015
478,0.4097485,0.391575,0.3944001
479,0.40534174,0.42922786,0.38541308
480,0.3937902,0.39529872,0.39635822
481,0.3774413,0.37821692,0.3730767
482,0.39727953,0.39081296,0.38097274
483,0.3697053,0.3645629,0.38591945
484,0.38977325,0.38356346,0.39821532
485,0.40404487,0.3908981,0.40729678
486,0.39743593,0.4010195,0.4025111
487,0.39106587,0.38182896,0.38214988
488,0.39164093,0.38242662,0.38857728
489,0.3925694,0.37371296,0.37483642
490,0.3887945,0.38210467,0.40560666
491,0.38991722,0.39920643,0.39017305
492,0.37919295,0.36812395,0.38638368
493,0.37556997,0.38041523,0.37245914
494,0.3930954,0.39350545,0.4035205
495,0.39522964,0.3975999,0.3917024
496,0.37081987,0.3703287,0.37003285
497,0.39173177,0.41268522,0.3823939
498,0.37170497,0.37084404,0.39309812
499,0.38357687,0.377084,0.39592126
500,0.3790695,0.3811205,0.38938123
501,0.3780492,0.39961913,0.3758891
502,0.418931,0.37395132,0.38651285
503,0.38041493,0.37580296,0.3903982
504,0.40207243,0.3844533,0.39885154
505,0.38325068,0.377978,0.3931452
506,0.3852639,0.38463244,0.38965037
507,0.3925694,0.37371296,0.37483642
508,0.38889408,0.39973995,0.38886672
509,0.40105888,0.38849473,0.38688433
510,0.3961991,0.3697135,0.37347388
511,0.41708872,0.4008627,0.39739564
512,0.37896815,0.38444474,0.38752574
513,0.40288928,0.40743446,0.3920961
514,0.38384503,0.41158506,0.38241428
515,0.3852646,0.40180647,0.39916232
516,0.36141908,0.37873513,0.3814722
517,0.37438834,0.37480605,0.3685596
518,0.38953486,0.38831925,0.38806942
519,0.3995424,0.37751538,0.38069186
520,0.3865071,0.39588937,0.39228076
521,0.38513458,0.39506766,0.39288607
522,0.37546337,0.3785548,0.3835961
523,0.39635575,0.3971379,0.39295086
524,0.3877989,0.38905048,0.40145892
525,0.37799287,0.39101127,0.40123624
526,0.3757776,0.37048694,0.40285832
527,0.39437667,0.3885338,0.37877968
528,0.3916669,0.38419446,0.37482733
529,0.39140075,0.39300513,0.40207738
530,0.38477638,0.3877445,0.4018191
531,0.38770625,0.38400516,0.39632133
532,0.38769904,0.3879292,0.3861888
533,0.38629097,0.3845644,0.4131443
534,0.3785332,0.37874103,0.37506774
535,0.3865355,0.38484213,0.38740823
536,0.37775347,0.37748715,0.39750934
537,0.38489106,0.3902968,0.39822954
538,0.3911655,0.3831723,0.37450904
539,0.38821372,0.38916963,0.4061714
540,0.40134048,0.40193057,0.3984883
541,0.40406963,0.3853708,0.38864714
542,0.38152936,0.38438684,0.38194263
543,0.40296528,0.3980544,0.38472393
544,0.4016918,0.3829745,0.3998987
545,0.38808107,0.41440088,0.39763507
546,0.3873617,0.39554757,0.39911598
547,0.3835409,0.3827914,0.37504143
548,0.38591105,0.36674613,0.37393835
549,0.37544146,0.37583894,0.37679052
550,0.40072978,0.40696272,0.39013815
551,0.37494987,0.39034024,0.3951006
552,0.37370047,0.36797535,0.37695253
553,0.37024307,0.3772782,0.40230796
554,0.37594768,0.38425708,0.3794658
555,0.37140852,0.36483926,0.37780166
556,0.38617173,0.39517823,0.397292
557,0.38263136,0.3748599,0.39660284
558,0.38223308,0.40259865,0.38729593
559,0.38150802,0.38383657,0.40279493
560,0.4103055,0.40823343,0.39384568
561,0.3865272,0.38754004,0.39070508
562,0.38185087,0.39146104,0.39697096
563,0.38689032,0.3798427,0.38267168
564,0.39146826,0.39544913,0.39303005
565,0.3837267,0.38787103,0.38350195
566,0.40068433,0.38425553,0.37690315
567,0.40272546,0.3909078,0.37970853
568,0.38579977,0.39653197,0.38554645
569,0.37911418,0.3808132,0.39404702
570,0.39488733,0.38046196,0.38354382
571,0.37842813,0.3917004,0.37772197
572,0.3921325,0.39077204,0.38830906
573,0.39460692,0.3870572,0.3803017
574,0.4007447,0.38412586,0.3817901
575,0.37200412,0.36914724,0.37395233
576,0.4103261,0.37902513,0.37867373
577,0.40640846,0.39314914,0.3981276
578,0.39137778,0.40050173,0.38142377
579,0.39596808,0.38022667,0.39130685
580,0.38430655,0.38828078,0.4211818
581,0.39234865,0.39700416,0.36727244
582,0.4090255,0.3727731,0.38818628
583,0.3758014,0.38090575,0.38816577
584,0.4020962,0.38905272,0.3878424
585,0.38674715,0.38506973,0.40024576
586,0.39323983,0.38208908,0.38533747
587,0.39513794,0.40019795,0.40324035
588,0.3856087,0.3796656,0.38473433
589,0.40747607,0.3962458,0.37938353
590,0.38075545,0.37643433,0.39668524
591,0.3877473,0.38799688,0.3853279
592,0.38111922,0.38022643,0.39691553
593,0.40060768,0.3822746,0.3782724
594,0.3803735,0.38484037,0.38224518
595,0.4035987,0.4296503,0.4089906
596,0.387498,0.40033865,0.38799837
597,0.38587645,0.39898497,0.3892182
598,0.39005348,0.39659053,0.39080748
599,0.42862847,0.37237367,0.3844626
600,0.39884427,0.38873896,0.396575
601,0.41037786,0.3942739,0.39293683
602,0.38315153,0.37787002,0.38366655
603,0.39277253,0.41326672,0.39818794
604,0.39278072,0.3941576,0.3922696
605,0.3783553,0.3780137,0.40535203
606,0.38165995,0.4016254,0.3868521
607,0.36320224,0.37446135,0.39016396
608,0.38669282,0.38615495,0.38754016
609,0.40653697,0.3832209,0.39569542
610,0.37466055,0.37293315,0.3834763
611,0.38859466,0.40728354,0.38677678
612,0.38090485,0.37935513,0.38853353
613,0.38474035,0.3793022,0.3941317
614,0.38822255,0.3787283,0.37958327
615,0.38426748,0.38533404,0.37939537
616,0.39355028,0.38527647,0.4049994
617,0.37145138,0.38613456,0.39638364
618,0.37900063,0.37134933,0.3728983
619,0.3944255,0.3823329,0.37716696
620,0.38077018,0.37287942,0.4096033
621,0.37803936,0.38601753,0.38441592
622,0.3836327,0.37962252,0.40173537
623,0.38378862,0.37247,0.37874052
624,0.40735272,0.3853685,0.41292349
625,0.39753523,0.36902764,0.39564764
626,0.38881376,0.3833703,0.39664987
627,0.38556537,0.3774732,0.395285
628,0.39299574,0.3886064,0.37796855
629,0.37953588,0.38828856,0.39467683
630,0.39413324,0.3867787,0.3936083
631,0.39594802,0.4017715,0.38288605
632,0.39669043,0.4011812,0.40954974
633,0.39559653,0.3790093,0.39596656
634,0.38773343,0.39514658,0.389336
635,0.39527583,0.40287766,0.38722685
636,0.37291875,0.36680248,0.37384444
637,0.39451778,0.3984995,0.3702498
638,0.3822532,0.4010837,0.39714366
639,0.39440852,0.38601333,0.38740584
640,0.42630526,0.39681453,0.387267
641,0.39299574,0.3886064,0.37796855
642,0.3926916,0.3856904,0.39724997
643,0.37953588,0.38828856,0.39467683
644,0.3790695,0.3811205,0.38938123
645,0.32733274,0.35022455,0.35627878
646,0.3777287,0.37746108,0.3697396
647,0.40001464,0.4132732,0.388116
648,0.37756124,0.37882638,0.40449917
649,0.39090985,0.3855502,0.38812688
650,0.37429076,0.40176424,0.38492158
651,0.37288097,0.37905967,0.3958279
652,0.3955787,0.38585803,0.3900259
653,0.3780492,0.39961913,0.3758891
654,0.37441257,0.3936688,0.40131724
655,0.39286247,0.39588434,0.38533276
656,0.39594305,0.40042126,0.40267402
657,0.38223147,0.39232853,0.3961282
658,0.38910443,0.39724052,0.40341523
659,0.38657826,0.3816551,0.3896597
660,0.38424632,0.38102335,0.3915564
661,0.3807718,0.3860807,0.4033439
662,0.3925705,0.38425526,0.39407933
663,0.4129065,0.38776603,0.38082576
664,0.40576267,0.3938804,0.3775715
665,0.3876552,0.4038884,0.3944462
666,0.3946308,0.37968925,0.38712126
667,0.39488733,0.38046196,0.38354382
668,0.37381285,0.376053,0.39536873
669,0.37443683,0.36085474,0.36971784
670,0.37869486,0.38685662,0.3924954
671,0.38925624,0.38297418,0.40468898
672,0.3814971,0.38915128,0.38715294
673,0.40640327,0.37785217,0.41057187
674,0.39970806,0.40482983,0.40215966
675,0.3978023,0.39239734,0.4105016
676,0.37175003,0.37180075,0.38682726
677,0.3759745,0.39436466,0.37411356
678,0.39390263,0.39299974,0.3916229
679,0.37832913,0.3788687,0.3930134
680,0.3950809,0.39151505,0.39636737
681,0.3951043,0.39197522,0.3960917
682,0.38739094,0.37257102,0.38997385
683,0.38447872,0.38833958,0.39494297
684,0.3743955,0.38437033,0.40398225
685,0.3983101,0.37448326,0.37089586
686,0.40937364,0.3815943,0.37317774
687,0.3677568,0.38051343,0.36929768
688,0.3881809,0.38477513,0.39622742
689,0.41022944,0.3737086,0.39729768
690,0.38976496,0.39015484,0.39537838
691,0.37591705,0.3737113,0.3966888
692,0.4134412,0.3967381,0.3921703
693,0.42168126,0.3953468,0.41781163
694,0.39484507,0.3785586,0.38161126
695,0.36458117,0.36480016,0.37901652
696,0.3787609,0.38859966,0.3861666
697,0.4061964,0.40534386,0.396313
698,0.35571066,0.37494344,0.368248
699,0.39625615,0.38290006,0.38283047
700,0.39299574,0.3886064,0.37796855
701,0.36570227,0.3890987,0.38645327
702,0.37664723,0.38829318,0.3790566
703,0.4138938,0.38882062,0.39691287
704,0.38771507,0.38308963,0.39226004
705,0.4181771,0.39334324,0.4011982
706,0.3831811,0.37495932,0.3801699
707,0.39193782,0.38798106,0.3970411
708,0.36902362,0.39184344,0.39027864
709,0.3946737,0.40825757,0.40038362
710,0.38396958,0.3961068,0.38729024
711,0.38252804,0.36219066,0.37716967
712,0.38041455,0.3796263,0.41507277
713,0.37813237,0.38752973,0.39464605
714,0.40426037,0.3873955,0.38384384
715,0.3780492,0.39961913,0.3758891
716,0.39410338,0.39032102,0.39854363
717,0.38815662,0.39275053,0.3847473
718,0.387215,0.3672236,0.3783328
719,0.38852763,0.39411998,0.41284308
720,0.39162347,0.38852218,0.37223443
721,0.3756186,0.37585717,0.3912177
722,0.39913714,0.41366687,0.3981247
723,0.37093234,0.369363,0.3892193
724,0.38183746,0.38930494,0.39326367
725,0.3836253,0.37825963,0.39437187
726,0.383258,0.3863336,0.39639902
727,0.39477813,0.38937065,0.39815038
728,0.4016918,0.3829745,0.3998987
729,0.37846386,0.39294174,0.39906302
730,0.38203144,0.40700376,0.37551588
731,0.38175985,0.38065878,0.3922133
732,0.3743631,0.4027965,0.38198254
733,0.3940746,0.38891503,0.39131254
734,0.37848985,0.3877487,0.39938346
735,0.38839293,0.3840686,0.39887038
736,0.4056843,0.39368036,0.4032735
737,0.39246225,0.39422736,0.40685803
738,0.38011363,0.38424125,0.39809233
739,0.38123235,0.377405,0.3676589
740,0.36826217,0.38057187,0.39182284
741,0.42311284,0.4093944,0.3876486
742,0.37921807,0.389894,0.3839646
743,0.38016298,0.38017812,0.3795444
744,0.39549604,0.3838406,0.38428202
745,0.39427543,0.404948,0.39044508
746,0.38368642,0.38317302,0.38876268
747,0.38497424,0.3909406,0.38648263
748,0.4007918,0.40523478,0.37971428
749,0.3845234,0.38139918,0.39784884
750,0.37803936,0.38601753,0.38441592
751,0.37630627,0.38996515,0.39055595
752,0.41271743,0.400651,0.39719552
753,0.36588454,0.36334252,0.37234765
754,0.40053108,0.38825086,0.4115329
755,0.37543517,0.3715221,0.3937558
756,0.4090365,0.39411274,0.37595275
757,0.3800015,0.3719387,0.38520753
758,0.40505826,0.40747002,0.3964927
759,0.39337283,0.38840002,0.39350942
760,0.38403916,0.37778357,0.37938792
761,0.39659813,0.4055531,0.38416582
762,0.38887358,0.398676,0.3973818
763,0.36735335,0.36130634,0.36944655
764,0.39135832,0.38486257,0.39522016
765,0.3852639,0.38463244,0.38965037
766,0.3790695,0.3811205,0.38938123
767,0.3790695,0.3811205,0.38938123
768,0.39093983,0.38337705,0.40688646
769,0.382143,0.3820179,0.3892796
770,0.38741904,0.39319792,0.38143778
771,0.37667188,0.38037264,0.36823282
772,0.380861,0.37659538,0.38080454
773,0.3952324,0.39666015,0.38881528
774,0.39550728,0.39219293,0.38133293
775,0.37140852,0.36483926,0.37780166
776,0.36952206,0.38242835,0.38862592
777,0.37972704,0.3780088,0.39460137
778,0.39077848,0.3902183,0.3983938
779,0.38146764,0.3816922,0.38782135
780,0.3953368,0.3873507,0.38922134
781,0.37587407,0.38228887,0.38065687
782,0.36801007,0.36522982,0.3720483
783,0.39109948,0.4036774,0.39308771
784,0.37917918,0.37040332,0.37029684
785,0.36898547,0.37843868,0.3830816
786,0.364736,0.37187126,0.39960325
787,0.4021443,0.3987924,0.37859502
788,0.37994593,0.3895231,0.38797903
789,0.38087338,0.38037294,0.38441664
790,0.3920871,0.37832606,0.38201445
791,0.38895673,0.3838053,0.39863065
792,0.3755512,0.38896942,0.38987073
793,0.36958113,0.37790868,0.39332154
794,0.41343072,0.392359,0.40283862
795,0.3862969,0.38934138,0.37518185
796,0.38895425,0.401292,0.39984643
797,0.36283344,0.36470836,0.38074902
798,0.3911601,0.3960699,0.37134752
799,0.38303176,0.38536116,0.3877414
800,0.40359834,0.38282257,0.36202058
801,0.39294696,0.39789477,0.39184725
802,0.41020936,0.39232874,0.38933808
803,0.3805603,0.37896594,0.3802726
804,0.38389355,0.3848859,0.37919652
805,0.376264,0.4013151,0.394907
806,0.39061034,0.39317387,0.38860384
807,0.397009,0.38601896,0.40344784
808,0.38716772,0.40286306,0.4004295
809,0.38016132,0.3820813,0.394011
810,0.39306816,0.39104417,0.38757682
811,0.39390898,0.39314154,0.40390858
812,0.38847673,0.38532966,0.40665916
813,0.4082416,0.39793915,0.3967597
814,0.39228928,0.3818924,0.39262116
815,0.38969207,0.3822883,0.38647395
816,0.38460648,0.38979793,0.38139784
817,0.39455923,0.39164674,0.38335702
818,0.37969425,0.3900031,0.37971172
819,0.3900768,0.3763192,0.37526247
820,0.36116216,0.38091698,0.38651484
821,0.3762044,0.3668574,0.36980292
822,0.40215853,0.40584114,0.4075964
823,0.39062494,0.38385946,0.38586
824,0.3937706,0.37684518,0.37657893
825,0.38140962,0.40182713,0.38420317
826,0.39728102,0.38895035,0.38327175
827,0.39788437,0.37325534,0.3745281
828,0.39587164,0.40456223,0.37980595
829,0.3948058,0.3968821,0.38446057
830,0.40050244,0.39194074,0.3938896
831,0.38607788,0.40199035,0.38221613
832,0.38328758,0.40973988,0.40152925
833,0.37869486,0.38685662,0.3924954
834,0.39320818,0.39210474,0.3813951
835,0.38467038,0.38991916,0.4320276
836,0.3979584,0.38693652,0.38889456
837,0.3852721,0.43250737,0.38832387
838,0.39225653,0.38302815,0.37972552
839,0.3824819,0.3970307,0.38483167
840,0.3944623,0.39479917,0.3835883
841,0.38483542,0.39949086,0.38818774
842,0.38074106,0.39000717,0.37729347
843,0.39926064,0.39031237,0.39765093
844,0.40060768,0.3822746,0.3782724
845,0.3905628,0.38627422,0.402788
846,0.39709675,0.4038323,0.40644747
847,0.40659353,0.39660835,0.39780232
848,0.3919373,0.39349827,0.40444416
849,0.38809195,0.36785498,0.38841844
850,0.38129166,0.37391853,0.38019437
851,0.37814292,0.376703,0.38820466
852,0.372467,0.3639904,0.36768937
853,0.3822036,0.36734128,0.37601557
854,0.37262678,0.3671913,0.37183893
855,0.4029061,0.38775492,0.3730739
856,0.391883,0.40274408,0.3813663
857,0.3747808,0.38707548,0.37760508
858,0.38402373,0.369517,0.36671346
859,0.38685495,0.39060083,0.404702
860,0.38989913,0.38612908,0.37854946
861,0.38852763,0.39411998,0.41284308
862,0.38203144,0.40700376,0.37551588
863,0.3824705,0.3726115,0.389873
864,0.38597378,0.384911,0.4136335
865,0.38357282,0.39254653,0.387339
866,0.3844801,0.3991946,0.40607423
867,0.3908204,0.38934714,0.4097297
868,0.38503343,0.38780427,0.38964048
869,0.3725287,0.38782853,0.37066367
870,0.3867618,0.3995877,0.40881485
871,0.38402373,0.369517,0.36671346
872,0.3860803,0.41973406,0.40114668
873,0.39727953,0.39081296,0.38097274
874,0.4006311,0.3922793,0.38701144
875,0.3768933,0.3977315,0.38943738
876,0.39974988,0.38894534,0.3861097
877,0.38930383,0.3834571,0.3651734
878,0.38938594,0.3744741,0.3856141
879,0.4194375,0.4066634,0.3955259
880,0.40466636,0.3956968,0.37584296
881,0.38267148,0.37473238,0.38358298
882,0.38789147,0.4029959,0.3779804
883,0.3953174,0.41085887,0.39614707
884,0.39170653,0.39098325,0.38401118
885,0.37848392,0.37603712,0.3886777
886,0.39918774,0.38551453,0.382076
887,0.39884657,0.40121424,0.39045382
888,0.39646474,0.39892462,0.39668027
889,0.38384727,0.37922534,0.37425777
890,0.38173148,0.42290127,0.38565448
891,0.36906832,0.36922696,0.38493675
892,0.39228353,0.38405558,0.41014254
893,0.3910422,0.3886323,0.40269843
894,0.38329387,0.40302494,0.37943047
895,0.3620432,0.36226785,0.3802209
896,0.3733035,0.39205268,0.40522823
897,0.39077073,0.38183308,0.38043573
898,0.38430655,0.38828078,0.4211818
899,0.38636523,0.3793986,0.40132314
900,0.40195024,0.40007728,0.39752328
901,0.39065382,0.4006693,0.3970322
902,0.39743918,0.38186726,0.3782458
903,0.38604227,0.39600262,0.38964197
904,0.4046545,0.3984238,0.40351447
905,0.40243584,0.38830677,0.3899704
906,0.40406963,0.3853708,0.38864714
907,0.36611408,0.38053593,0.37414947
908,0.40518302,0.40134493,0.39363918
909,0.39323983,0.38208908,0.38533747
910,0.378745,0.38666156,0.37901244
911,0.39137593,0.37974396,0.38857663
912,0.37766135,0.3833542,0.4018881
913,0.3851439,0.38842323,0.39369267
914,0.40044934,0.3753708,0.38810056
915,0.37765723,0.3646463,0.38166982
916,0.4063177,0.37556663,0.38883263
917,0.40432426,0.39595297,0.37214527
918,0.38893706,0.39497024,0.37602037
919,0.403155,0.38914034,0.3889723
920,0.38283753,0.38172552,0.38728556
921,0.38523728,0.38614094,0.39166936
922,0.38106337,0.38816416,0.38825005
923,0.3861953,0.38999432,0.3936042
924,0.39020783,0.3929886,0.3823093
925,0.3764911,0.3702228,0.3689092
926,0.3955515,0.38678685,0.38818905
927,0.37518957,0.3645137,0.3824774
928,0.39690438,0.38346225,0.38861457
929,0.42964378,0.39888293,0.3794552
930,0.38448104,0.37777564,0.396064
931,0.39565355,0.3957894,0.38711792
932,0.38378763,0.40324825,0.3967034
933,0.39007804,0.382049,0.37685916
934,0.39385882,0.3926379,0.38594174
935,0.3762044,0.3668574,0.36980292
936,0.38429156,0.38292813,0.38436884
937,0.3723611,0.38801974,0.3712436
938,0.37207976,0.39341146,0.39096534
939,0.38634956,0.3829674,0.3887359
940,0.38813543,0.3816076,0.3778218
941,0.39923516,0.4013511,0.38347813
942,0.41317272,0.39720312,0.39450634
943,0.3770523,0.37189728,0.36894783
944,0.39493662,0.39002207,0.38323233
945,0.3814971,0.38915128,0.38715294
946,0.3996321,0.389743,0.39496687
947,0.3811844,0.3855989,0.38986203
948,0.392129,0.400115,0.39274758
949,0.3860803,0.41973406,0.40114668
950,0.39247397,0.3970747,0.38301644
951,0.39033073,0.409122,0.3879002
952,0.38822812,0.3912162,0.38943204
953,0.37590194,0.3773827,0.38734335
954,0.38022628,0.38498393,0.3994382
955,0.38973314,0.402547,0.39704695
956,0.39010292,0.38147536,0.38191813
957,0.39605764,0.39144695,0.38407013
958,0.38586482,0.38191694,0.37925813
959,0.34902933,0.36761063,0.36446854
960,0.38973334,0.38905242,0.38123012
961,0.38205612,0.387227,0.38403386
962,0.38592175,0.3945981,0.39345104
963,0.39051867,0.38347298,0.37954104
964,0.37644142,0.38923946,0.3942335
965,0.4008863,0.3952914,0.39022133
966,0.38133577,0.39178655,0.39018974
967,0.3869326,0.3793153,0.40592518
968,0.3923556,0.39985818,0.40067372
969,0.41532052,0.40589923,0.40045995
970,0.38080665,0.38791716,0.4076756
971,0.38040248,0.38478675,0.400318
972,0.3950721,0.38158602,0.37619576
973,0.3624479,0.38189355,0.39567506
974,0.38391826,0.3919437,0.3903166
975,0.38165465,0.38342544,0.39750943
976,0.40759838,0.38801062,0.39332446
977,0.37842813,0.3917004,0.37772197
978,0.38378862,0.37247,0.37874052
979,0.39322862,0.4024168,0.39061615
980,0.40964767,0.3958785,0.41746095
981,0.38894093,0.38554418,0.3977242
982,0.38167405,0.38653365,0.38678384
983,0.37947053,0.38891524,0.40006477
984,0.38077715,0.39303857,0.37492296
985,0.35624534,0.3653472,0.37332362
986,0.38447872,0.38833958,0.39494297
987,0.38678086,0.3873351,0.4001536
988,0.39620066,0.38649812,0.38572687
989,0.38739884,0.38719004,0.38375965
990,0.38474655,0.38756675,0.39236715
991,0.37556997,0.38041523,0.37245914
992,0.403999,0.37970796,0.39443415
993,0.38852528,0.39761588,0.39855817
994,0.4053908,0.38556826,0.3803985
995,0.38403198,0.39173096,0.39099267
996,0.3722226,0.36794528,0.38392308
997,0.40505826,0.40747002,0.3964927
998,0.40946865,0.40150073,0.39304343
999,0.4103261,0.37902513,0.37867373
1000,0.38095033,0.38285813,0.38268155
1001,0.38309404,0.39543074,0.3886291
1002,0.39812422,0.39189658,0.39223525
1003,0.3971874,0.3987496,0.40235573
1004,0.3601088,0.3725192,0.38253912
1005,0.40195024,0.40007728,0.39752328
1006,0.38669994,0.38725272,0.38664663
1007,0.39203632,0.3745048,0.372483
1008,0.37590194,0.3773827,0.38734335
1009,0.39622647,0.38874248,0.38094932
1010,0.40404487,0.3908981,0.40729678
1011,0.39138272,0.3989886,0.38787174
1012,0.3935908,0.4002753,0.3773687
1013,0.38680014,0.38274217,0.39369842
1014,0.38041493,0.37580296,0.3903982
1015,0.3816203,0.3897596,0.39552838
1016,0.38315153,0.37787002,0.38366655
1017,0.4072543,0.39064455,0.39604172
1018,0.40218443,0.38176402,0.37524003
1019,0.38021842,0.38170522,0.3990881
1020,0.37992245,0.37718338,0.3924696
1021,0.40018064,0.3905042,0.38385645
1022,0.38528332,0.3816221,0.38685715
1023,0.35228786,0.36137348,0.37996137
1024,0.4141943,0.4032994,0.38947672
1025,0.40673405,0.41061485,0.40451422
1026,0.38780722,0.38915312,0.39612603
1027,0.39219853,0.39724612,0.3949706
1028,0.38968584,0.3917263,0.40261012
1029,0.37742028,0.37449926,0.38860804
1030,0.3834389,0.384169,0.38674828
1031,0.3812999,0.38408664,0.40271682
1032,0.41099918,0.39749855,0.3994749
1033,0.38123235,0.377405,0.3676589
1034,0.3979584,0.38693652,0.38889456
1035,0.39524716,0.40437394,0.40261823
1036,0.37190488,0.37730995,0.3848305
1037,0.38839293,0.3840686,0.39887038
1038,0.37473986,0.4017208,0.3841871
1039,0.3951492,0.39816776,0.38898477
1040,0.3900939,0.37493068,0.41272914
1041,0.40866667,0.39959833,0.3845283
1042,0.39485508,0.38694176,0.380507
1043,0.38421628,0.3795997,0.3733717
1044,0.3979584,0.38693652,0.38889456
1045,0.38334417,0.3934061,0.38673672
1046,0.38866827,0.38427445,0.38569498
1047,0.38106337,0.38816416,0.38825005
1048,0.38436678,0.3723361,0.377341
1049,0.40199128,0.405293,0.40007654
1050,0.39977318,0.39113235,0.37539768
1051,0.36976168,0.39462817,0.3765718
1052,0.385697,0.38010618,0.3833494
1053,0.37855488,0.38271135,0.39873967
1054,0.37477136,0.38734993,0.38409856
1055,0.394142,0.38639483,0.39686546
1056,0.37132797,0.4051505,0.38739738
1057,0.38177,0.38255945,0.39425907
1058,0.39300394,0.3795263,0.37889174
1059,0.39001292,0.40332115,0.3993591
1060,0.39795104,0.38554278,0.37246704
1061,0.40816444,0.38976115,0.37820062
1062,0.3792737,0.3794309,0.38889563
1063,0.38256672,0.39412493,0.391635
1064,0.38143906,0.37727386,0.39695418
1065,0.39228842,0.3956477,0.40384674
1066,0.38360384,0.39903918,0.3869972
1067,0.4005257,0.3817237,0.38247657
1068,0.3894888,0.38687563,0.3935981
1069,0.3947922,0.3917587,0.38081658
1070,0.38436678,0.3723361,0.377341
1071,0.40646386,0.38696495,0.39277667
1072,0.3741644,0.38361213,0.38676122
1073,0.378745,0.38666156,0.37901244
1074,0.37619743,0.413562,0.416904
1075,0.39372146,0.404123,0.38655943
1076,0.37813237,0.38752973,0.39464605
1077,0.4032058,0.392644,0.39280266
1078,0.3823739,0.38519362,0.3855138
1079,0.3842237,0.3771775,0.38039544
1080,0.37923348,0.38120508,0.390046
1081,0.3997219,0.40996343,0.38963285
1082,0.38729036,0.39373723,0.385204
1083,0.37388456,0.39808026,0.4007799
1084,0.3866267,0.38481587,0.3872429
1085,0.37318197,0.39226764,0.39021617
1086,0.3787032,0.38448015,0.39707437
1087,0.3778469,0.3845731,0.38102818
1088,0.38914666,0.38719633,0.40282682
1089,0.39847925,0.39995736,0.3844607
1090,0.37620354,0.38184348,0.38416028
1091,0.3913311,0.38350368,0.3859033
1092,0.38123295,0.38814586,0.38727146
1093,0.4005579,0.3926792,0.3850423
1094,0.3825258,0.39295316,0.39126405
1095,0.36877188,0.38175613,0.39097935
1096,0.40283373,0.39472622,0.39498404
1097,0.37391436,0.37748975,0.3935228
1098,0.37763217,0.40100285,0.39710593
1099,0.37896276,0.37931457,0.39256018
1100,0.3809866,0.3979912,0.37607107
1101,0.3662734,0.3842993,0.37876618
1102,0.35597053,0.36756745,0.36363012
1103,0.38123652,0.39869013,0.3826041
1104,0.394142,0.38639483,0.39686546
1105,0.38700986,0.39587992,0.39486355
1106,0.40630192,0.39252022,0.3860988
1107,0.40258726,0.39281112,0.38762343
1108,0.39749113,0.40185952,0.39794585
1109,0.36630782,0.35311708,0.37423077
1110,0.3920871,0.37832606,0.38201445
1111,0.38430968,0.39797476,0.39417472
1112,0.40243292,0.38077393,0.4041778
1113,0.37514946,0.3704884,0.39172918
1114,0.3799497,0.38562143,0.38310888
1115,0.38882127,0.3863734,0.3833299
1116,0.38493744,0.38659012,0.39897522
1117,0.3853526,0.38185695,0.3832177
1118,0.38734415,0.38753927,0.38220257
1119,0.3862101,0.36459094,0.37805107
1120,0.37560514,0.37334514,0.39187294
1121,0.39019236,0.37293276,0.38555527
1122,0.38434753,0.3904499,0.38674572
1123,0.38697785,0.3919117,0.39232197
1124,0.3817784,0.39635316,0.3976314
1125,0.38742292,0.3895116,0.38414833
1126,0.40966853,0.38315147,0.39154053
1127,0.37923712,0.3699717,0.3982389
1128,0.37890753,0.39651886,0.37686914
1129,0.3740528,0.37093148,0.3908677
1130,0.36752623,0.3813544,0.3818185
1131,0.3790695,0.3811205,0.38938123
1132,0.38906142,0.37314832,0.38640308
1133,0.38845536,0.38826385,0.39033633
1134,0.37772244,0.3884886,0.38641256
1135,0.3847923,0.40889302,0.38799584
1136,0.39036903,0.38546172,0.38491428
1137,0.40042582,0.4141226,0.38792393
1138,0.39208275,0.39632893,0.3865474
1139,0.37161168,0.38545185,0.38678694
1140,0.4207563,0.39339265,0.3969842
1141,0.3922562,0.3822937,0.38868162
1142,0.40740702,0.4088971,0.38825253
1143,0.37102577,0.37112987,0.39200088
1144,0.41258878,0.38651928,0.3954791
1145,0.39692554,0.37718537,0.38975865
1146,0.3911601,0.3960699,0.37134752
1147,0.41024306,0.39490795,0.39767757
1148,0.38291812,0.38052452,0.37350518
1149,0.3980232,0.39698187,0.40568322
1150,0.38253316,0.37958065,0.40614232
1151,0.40016356,0.39090025,0.3818654
1152,0.36273703,0.35743022,0.3599225
1153,0.37357786,0.37035617,0.37655652
1154,0.38001537,0.38332355,0.390851
1155,0.38692185,0.3832056,0.38364986
1156,0.39323983,0.38208908,0.38533747
1157,0.41136554,0.3991148,0.38908407
1158,0.38419464,0.40340826,0.3922689
1159,0.38472024,0.39198738,0.39463478
1160,0.38670805,0.3773612,0.3959881
1161,0.36989248,0.36707327,0.39077234
1162,0.38529167,0.38756156,0.39360762
1163,0.38011363,0.38424125,0.39809233
1164,0.38447872,0.38833958,0.39494297
1165,0.387773,0.39591727,0.39689016
1166,0.37763613,0.3772626,0.39027253
1167,0.38322613,0.37757826,0.37406173
1168,0.41317272,0.39720312,0.39450634
1169,0.36611408,0.38053593,0.37414947
1170,0.38834178,0.37142754,0.37644765
1171,0.36481088,0.37485844,0.39844963
1172,0.3968084,0.3808862,0.3858409
1173,0.36213395,0.36492807,0.38072532
1174,0.3777934,0.36388502,0.3808326
1175,0.38528332,0.3816221,0.38685715
1176,0.37863517,0.3933679,0.37742075
1177,0.39424884,0.40500745,0.36814767
1178,0.40126732,0.39525247,0.39627016
1179,0.38658735,0.39649057,0.39710718
1180,0.381434,0.37871805,0.38968435
1181,0.3844053,0.37743977,0.37552324
1182,0.3606131,0.365736,0.38352254
1183,0.4021443,0.3987924,0.37859502
1184,0.39965212,0.41186476,0.40565854
1185,0.38848367,0.39631823,0.3886016
1186,0.37826166,0.375793,0.39407414
1187,0.39348096,0.39392626,0.37298632
1188,0.37813717,0.3933395,0.3950779
1189,0.3830939,0.3735351,0.37544897
1190,0.39004096,0.3823139,0.3986173
1191,0.39602375,0.40642577,0.40369558
1192,0.4037574,0.38964698,0.3827457
1193,0.39803544,0.39226574,0.3913134
1194,0.38291454,0.38880584,0.3992726
1195,0.39197406,0.36795828,0.37510625
1196,0.40499315,0.39925677,0.38945374
1197,0.3955515,0.38678685,0.38818905
1198,0.3540567,0.3523103,0.34910896
1199,0.383176,0.38953736,0.3827184
1200,0.36058825,0.3670033,0.3707539
1201,0.37384635,0.37742263,0.39125776
1202,0.37509054,0.36378008,0.38676393
1203,0.39437667,0.3885338,0.37877968
1204,0.40289778,0.38239995,0.3906569
1205,0.38852668,0.3811542,0.40239656
1206,0.38320225,0.38398165,0.39108574
1207,0.37649167,0.38597548,0.37690684
1208,0.3869508,0.392113,0.38831583
1209,0.40466416,0.37964186,0.4011363
1210,0.38025725,0.38976,0.39017537
1211,0.37667188,0.38037264,0.36823282
1212,0.38218105,0.37215635,0.39674613
1213,0.37968516,0.37644207,0.38849115
1214,0.37920615,0.37446383,0.38367084
1215,0.37964204,0.37086156,0.38284045
1216,0.38368967,0.38913435,0.38512516
1217,0.3703575,0.3815402,0.39964336
1218,0.36457324,0.37423754,0.37565202
1219,0.39154208,0.40970585,0.38968682
1220,0.3914065,0.39370814,0.40047053
1221,0.40759838,0.38801062,0.39332446
1222,0.38186666,0.38794145,0.39236063
1223,0.39424667,0.39319584,0.39842573
1224,0.38860622,0.38860485,0.3731443
1225,0.3957965,0.3910596,0.40585092
1226,0.39913714,0.41366687,0.3981247
1227,0.41585967,0.39065814,0.3944115
1228,0.38563842,0.37255073,0.38066998
1229,0.4000048,0.40628278,0.38812816
1230,0.3822544,0.37720132,0.3935478
1231,0.40966865,0.3950648,0.39546904
1232,0.39293858,0.39436603,0.36906314
1233,0.3898783,0.38133645,0.38744152
1234,0.3718021,0.38426375,0.38769028
1235,0.38197455,0.3870421,0.4001334
1236,0.38853386,0.3903174,0.38849846
1237,0.38060135,0.38377586,0.37567967
1238,0.3835314,0.40032613,0.3901703
1239,0.38324285,0.38250744,0.37811568
1240,0.38177,0.38255945,0.39425907
1241,0.3859662,0.38489217,0.38985994
1242,0.38011363,0.38424125,0.39809233
1243,0.37667188,0.38037264,0.36823282
1244,0.38618723,0.4118297,0.37512696
1245,0.3879444,0.39358914,0.40838945
1246,0.39743593,0.4010195,0.4025111
1247,0.39293858,0.39436603,0.36906314
1248,0.39025477,0.37730974,0.40739578
1249,0.3790695,0.3811205,0.38938123
1250,0.38592175,0.3945981,0.39345104
1251,0.38530424,0.4110952,0.37429515
1252,0.39629614,0.40551007,0.40682948
1253,0.38887358,0.398676,0.3973818
1254,0.39787763,0.39307973,0.39397794
1255,0.3799322,0.38206613,0.38375762
1256,0.40195024,0.40007728,0.39752328
1257,0.3908204,0.38934714,0.4097297
1258,0.38348413,0.3908231,0.38511345
1259,0.38133577,0.39178655,0.39018974
1260,0.39569208,0.3813617,0.3928863
1261,0.40767533,0.38746935,0.4006223
1262,0.38303086,0.38643897,0.38677102
1263,0.3853976,0.3776847,0.38360804
1264,0.38578406,0.4002312,0.40738836
1265,0.4105858,0.3978996,0.4156727
1266,0.38785362,0.38288063,0.38731045
1267,0.41822106,0.38377762,0.38644996
1268,0.4064374,0.3852983,0.39569467
1269,0.40569395,0.38871127,0.38723373
1270,0.39779517,0.3864372,0.39264786
1271,0.37124637,0.36925414,0.3760163
1272,0.3950955,0.40429658,0.3936598
1273,0.38592175,0.3945981,0.39345104
1274,0.38592175,0.3945981,0.39345104
1275,0.37472722,0.37816668,0.36834756
1276,0.40258682,0.39905232,0.380314
1277,0.37838092,0.38685438,0.37994584
1278,0.3892518,0.3743358,0.40364087
1279,0.3712409,0.36788416,0.38256088
1280,0.39965904,0.3953475,0.39322978
1281,0.3852721,0.43250737,0.38832387
1282,0.4029061,0.38775492,0.3730739
1283,0.41707376,0.41512328,0.4022838
1284,0.39323983,0.38208908,0.38533747
1285,0.39035416,0.40417042,0.39315686
1286,0.39426625,0.37776053,0.37347522
1287,0.37843335,0.3909626,0.3846739
1288,0.38763592,0.38319516,0.38593122
1289,0.3916037,0.3909494,0.39281428
1290,0.3861372,0.3772385,0.3865262
1291,0.41098502,0.4097545,0.4058253
1292,0.38775587,0.38820443,0.4209195
1293,0.39633408,0.39387998,0.39565933
1294,0.3975888,0.40355015,0.39269987
1295,0.38662395,0.40068546,0.40555513
1296,0.38842773,0.3898871,0.37941554
1297,0.38382596,0.38358635,0.4015061
1298,0.388762,0.39214528,0.42638847
1299,0.40831295,0.39592355,0.37721968
1300,0.37953588,0.38828856,0.39467683
1301,0.41622022,0.40112668,0.4064264
1302,0.38624495,0.388363,0.39203975
1303,0.3907685,0.38854477,0.38261768
1304,0.3809135,0.37538025,0.37758246
1305,0.40590313,0.38984534,0.4086007
1306,0.38321996,0.37971663,0.3903308
1307,0.3909677,0.40537316,0.38749903
1308,0.39801377,0.3842736,0.3998685
1309,0.36789396,0.38109744,0.39638674
1310,0.39030448,0.38636363,0.37774992
1311,0.3893099,0.3991069,0.39047328
1312,0.40102795,0.40503305,0.39739352
1313,0.38502467,0.4143865,0.41189933
1314,0.39215934,0.39998823,0.38372332
1315,0.39359584,0.37521163,0.39492792
1316,0.39158928,0.38175282,0.38508728
1317,0.41385552,0.40473333,0.38431215
1318,0.38632777,0.38629848,0.3924205
1319,0.38437542,0.38389048,0.39379993
1320,0.37781107,0.38136986,0.38125083
1321,0.385697,0.38010618,0.3833494
1322,0.39519432,0.3793961,0.3610829
1323,0.38742638,0.38843852,0.38726345
1324,0.38732174,0.3866059,0.36695376
1325,0.4104742,0.39499322,0.39346755
1326,0.41410962,0.3865262,0.4002617
1327,0.37551293,0.37647313,0.38107055
1328,0.40759838,0.38801062,0.39332446
1329,0.3766491,0.38556507,0.37737566
1330,0.38775587,0.38820443,0.4209195
1331,0.43557617,0.40723738,0.4020242
1332,0.3856593,0.39039972,0.38061973
1333,0.3964209,0.38964307,0.39227012
1334,0.39235365,0.39310548,0.38946083
1335,0.38594905,0.38955298,0.3876076
1336,0.37741616,0.37685674,0.37919644
1337,0.3750978,0.38500088,0.38175717
1338,0.4000373,0.40343118,0.38501215
1339,0.3899972,0.39480832,0.37934634
1340,0.37851176,0.37662843,0.3869234
1341,0.37813237,0.38752973,0.39464605
1342,0.37807655,0.37640283,0.37744004
1343,0.38958913,0.38308483,0.3922817
1344,0.38400862,0.38149577,0.39291233
1345,0.39299574,0.3886064,0.37796855
1346,0.3836327,0.37962252,0.40173537
1347,0.40740702,0.4088971,0.38825253
1348,0.39109927,0.36796847,0.3870481
1349,0.39405516,0.39345717,0.40536034
1350,0.39819065,0.3783987,0.37972438
1351,0.38947767,0.38313547,0.38483602
1352,0.36457324,0.37423754,0.37565202
1353,0.39154208,0.40970585,0.38968682
1354,0.3859631,0.3909736,0.38579056
1355,0.382143,0.3820179,0.3892796
1356,0.39792392,0.38583604,0.4008184
1357,0.4002229,0.39873272,0.3850126
1358,0.37607178,0.36763883,0.3737329
1359,0.41582754,0.39856604,0.400848
1360,0.40180096,0.39094365,0.3799549
1361,0.39466494,0.37762296,0.3791838
1362,0.372467,0.3639904,0.36768937
1363,0.37912259,0.3834438,0.37844002
1364,0.37399387,0.38351375,0.37937272
1365,0.40016356,0.39090025,0.3818654
1366,0.39700076,0.41174287,0.37702572
1367,0.3807247,0.37852508,0.39157167
1368,0.3877974,0.38491023,0.37711406
1369,0.38040248,0.38478675,0.400318
1370,0.39948598,0.40226382,0.37964356
1371,0.38994867,0.3877582,0.38937357
1372,0.36998966,0.36464468,0.38778725
1373,0.41430092,0.3911191,0.40561047
1374,0.3877879,0.38886312,0.3970359
1375,0.388508,0.3938332,0.40007618
1376,0.37175003,0.37180075,0.38682726
1377,0.38073382,0.3780787,0.39271203
1378,0.40283373,0.39472622,0.39498404
1379,0.37531593,0.3795213,0.39208058
1380,0.39159632,0.38688013,0.39523354
1381,0.39401424,0.4062997,0.40022364
1382,0.39121637,0.3900275,0.3964648
1383,0.38176087,0.40859935,0.39797953
1384,0.40289804,0.39983502,0.41323206
1385,0.3699506,0.41116068,0.3874407
1386,0.3771637,0.38076973,0.3834412
1387,0.39922777,0.39205,0.3953656
1388,0.40310466,0.3792736,0.37287384
1389,0.36579663,0.36665818,0.36977124
1390,0.3719212,0.35820878,0.37108794
1391,0.3696562,0.41239703,0.37977415
1392,0.36888903,0.3743882,0.38342315
1393,0.3865644,0.38301584,0.38553843
1394,0.38020462,0.38900983,0.39694917
1395,0.38578406,0.4002312,0.40738836
1396,0.37218642,0.36865968,0.37110522
1397,0.38592175,0.3945981,0.39345104
1398,0.3980321,0.39571926,0.39971235
1399,0.40827295,0.39158756,0.3951061
1400,0.37590194,0.3773827,0.38734335
1401,0.403046,0.3890331,0.37593192
1402,0.39217144,0.40074977,0.39842105
1403,0.3622862,0.36371,0.3738057
1404,0.3898238,0.39179188,0.4037997
1405,0.38794085,0.40063515,0.3862033
1406,0.39365464,0.3773758,0.3790235
1407,0.39293858,0.39436603,0.36906314
1408,0.39424065,0.3751914,0.37642795
1409,0.38773343,0.39514658,0.389336
1410,0.3991911,0.40916777,0.40643272
1411,0.39651743,0.38587248,0.3912071
1412,0.38575122,0.38185635,0.3912754
1413,0.3910362,0.42421234,0.39548182
1414,0.37621704,0.38257107,0.3894088
1415,0.38306782,0.38517728,0.38087085
1416,0.39654166,0.38120988,0.3738737
1417,0.3814971,0.38915128,0.38715294
1418,0.38376698,0.3805451,0.38446242
1419,0.4021443,0.3987924,0.37859502
1420,0.3808442,0.3895978,0.40458494
1421,0.39145538,0.38914353,0.39561033
1422,0.37553164,0.37518972,0.3923415
1423,0.3735579,0.38452643,0.38628492
1424,0.383596,0.38433677,0.38567185
1425,0.38535103,0.38541698,0.3832973
1426,0.38480592,0.3766428,0.3872091
1427,0.38681895,0.3822719,0.39573404
1428,0.37436673,0.38210562,0.38682836
1429,0.37991938,0.3767426,0.39462292
1430,0.38119996,0.3963138,0.39808446
1431,0.4130071,0.40969974,0.38924593
1432,0.3814971,0.38915128,0.38715294
1433,0.4124028,0.38499838,0.39356026
1434,0.37716946,0.39606768,0.37593365
1435,0.39225653,0.38302815,0.37972552
1436,0.37697312,0.3871894,0.3807237
1437,0.37668115,0.38230172,0.38223982
1438,0.3816909,0.4032621,0.3766791
1439,0.39056158,0.39028466,0.390574
1440,0.3757454,0.3793216,0.38920283
1441,0.39091465,0.4153012,0.39570156
1442,0.39992753,0.38767993,0.39102253
1443,0.39727953,0.39081296,0.38097274
1444,0.3830441,0.39686576,0.38656634
1445,0.3963881,0.40356278,0.39824644
1446,0.3874297,0.40237564,0.37454024
1447,0.39048585,0.37957206,0.37521908
1448,0.36624792,0.3817194,0.37207714
1449,0.38924828,0.3892342,0.3886301
1450,0.38378763,0.40324825,0.3967034
1451,0.3844415,0.38512367,0.3762163
1452,0.3908816,0.40139598,0.3958103
1453,0.39764762,0.38441285,0.3927503
1454,0.3985506,0.38847554,0.39302927
1455,0.38152623,0.3882353,0.37832588
1456,0.39107558,0.39160305,0.40597296
1457,0.38177,0.38255945,0.39425907
1458,0.38992363,0.39462876,0.39297143
1459,0.4061497,0.39611253,0.3901442
1460,0.42098475,0.40082356,0.41269514
1461,0.39119098,0.38368735,0.3772565
1462,0.38865247,0.4032065,0.40597457
1463,0.37594768,0.38425708,0.3794658
1464,0.38187292,0.37910303,0.37726668
1465,0.37424836,0.3888939,0.40676552
1466,0.38136765,0.38908854,0.3940272
1467,0.38094866,0.3744119,0.3884477
1468,0.3650028,0.3790742,0.38119867
1469,0.4020478,0.43523237,0.39818174
1470,0.38021842,0.38170522,0.3990881
1471,0.39955837,0.37869015,0.4027805
1472,0.38026735,0.37217215,0.38216874
1473,0.38511148,0.40120357,0.39392546
1474,0.40630192,0.39252022,0.3860988
1475,0.4000048,0.40628278,0.38812816
1476,0.39146826,0.39544913,0.39303005
1477,0.38439032,0.3935265,0.39412007
1478,0.37511778,0.37168926,0.3898787
1479,0.36869255,0.36788145,0.374818
1480,0.38649946,0.3913324,0.379206
1481,0.37214786,0.37600893,0.3917782
1482,0.39273992,0.40271565,0.40058687
1483,0.39066797,0.38588923,0.40026426
1484,0.37158853,0.35941818,0.37409472
1485,0.38187003,0.38219523,0.38377035
1486,0.40222794,0.40775788,0.40366167
1487,0.40242347,0.39650035,0.3807046
1488,0.39205837,0.381998,0.39779404
1489,0.40636805,0.40299308,0.40897983
1490,0.36116216,0.38091698,0.38651484
1491,0.38894314,0.38677642,0.38832468
1492,0.37929797,0.37513572,0.3851161
1493,0.37140852,0.36483926,0.37780166
1494,0.39515984,0.39116064,0.38573536
1495,0.396943,0.39808154,0.40416193
1496,0.3975033,0.38997942,0.38993514
1497,0.39238605,0.38950104,0.3992567
1498,0.38601983,0.38194883,0.38983715
1499,0.37888175,0.38281232,0.38507658
1500,0.3733434,0.3891859,0.3940362
1501,0.38927048,0.38729423,0.38390797
1502,0.3983101,0.37448326,0.37089586
1503,0.40367618,0.39576194,0.39690965
1504,0.39948103,0.3959849,0.40370554
1505,0.40212628,0.39072514,0.38688296
1506,0.37710994,0.37741467,0.39112788
1507,0.4004273,0.38575822,0.40112126
1508,0.39715457,0.38592315,0.382386
1509,0.39306304,0.3822076,0.38754064
1510,0.3979584,0.38693652,0.38889456
1511,0.40045887,0.39153513,0.40310383
1512,0.41015455,0.39398766,0.3881433
1513,0.3847662,0.3737087,0.38920337
1514,0.3966648,0.39972147,0.3811487
1515,0.39424884,0.40500745,0.36814767
1516,0.3804108,0.39132828,0.3953232
1517,0.3917905,0.37754422,0.39115697
1518,0.38408926,0.39047223,0.39508063
1519,0.38859034,0.38093928,0.39262185
1520,0.37617433,0.37909853,0.38313133
1521,0.4017322,0.41476595,0.41345963
1522,0.38977236,0.39627826,0.3765874
1523,0.38256982,0.3934055,0.38270354
1524,0.37364984,0.37701818,0.39102298
1525,0.3819845,0.3909663,0.37222686
1526,0.38752466,0.3911893,0.36934695
1527,0.40721637,0.3884097,0.4001649
1528,0.4041071,0.38959858,0.37795174
1529,0.39727953,0.39081296,0.38097274
1530,0.37591705,0.3737113,0.3966888
1531,0.41657424,0.39604557,0.4030602
1532,0.39105058,0.3923773,0.39370084
1533,0.38179886,0.41092968,0.40284774
1534,0.38610175,0.39137763,0.41481104
1535,0.3854676,0.38872498,0.40080395
1536,0.37551293,0.37647313,0.38107055
1537,0.4104742,0.39499322,0.39346755
1538,0.40973195,0.39901337,0.3974796
1539,0.39359444,0.3709575,0.38204253
1540,0.37421864,0.37318498,0.3817571
1541,0.39621413,0.3981246,0.39909464
1542,0.3826995,0.38468206,0.401311
1543,0.40831512,0.40844184,0.3847424
1544,0.37813237,0.38752973,0.39464605
1545,0.39581007,0.38663164,0.3696677
1546,0.39717194,0.39728048,0.38911653
1547,0.3792737,0.3794309,0.38889563
1548,0.38916397,0.38219413,0.38076648
1549,0.38701594,0.37806952,0.40288407
1550,0.3716786,0.36876428,0.38879275
1551,0.39215213,0.3844491,0.39900938
1552,0.39158928,0.38175282,0.38508728
1553,0.40310827,0.38597685,0.39131796
1554,0.38948736,0.39258,0.39080736
1555,0.3887712,0.3818839,0.38903484
1556,0.38580093,0.39979386,0.41284797
1557,0.39197376,0.39388397,0.38071126
1558,0.39645147,0.4009455,0.39584666
1559,0.40785006,0.38417095,0.39627025
1560,0.38851547,0.40179342,0.3982958
1561,0.37895593,0.38272494,0.3908483
1562,0.3797952,0.38665268,0.38093
1563,0.38701594,0.37806952,0.40288407
1564,0.3935908,0.4002753,0.3773687
1565,0.39066797,0.38588923,0.40026426
1566,0.3880157,0.40917206,0.40475333
1567,0.36919817,0.37886927,0.38751706
1568,0.37664014,0.37754193,0.38745725
1569,0.3822084,0.3831716,0.38871342
1570,0.36961526,0.37803528,0.38666034
