,last_day_avg_sentiment,last_day_pos_tweets
0,0.5308991013107698,0.5294117647058824
1,0.5253020446169723,0.5480225988700564
2,0.5337271419250392,0.5394736842105263
3,0.6347980754180316,0.6417910447761194
4,0.5300324212743136,0.5406593406593406
5,0.658452015109304,0.676678445229682
6,0.6460589061266528,0.6609848484848485
7,0.6339797337176959,0.6376811594202898
8,0.7101160256985396,0.7167567567567568
9,0.6781198516579068,0.6822222222222222
10,0.7126263477813568,0.7011494252873564
11,0.5760234937807363,0.5739837398373984
12,0.7601444336400832,0.7562189054726368
13,0.6368092576637742,0.6433823529411765
14,0.5871184659804788,0.5880026367831246
15,0.5521414353536271,0.5378151260504201
16,0.5303626964360054,0.5425531914893617
17,0.5423596750299251,0.555984555984556
18,0.7653919168618227,0.7691082802547771
19,0.72029245280127,0.7258347978910369
20,0.6683026459050857,0.6661538461538462
21,0.4365971409337259,0.4493006993006993
22,0.7261055850941928,0.7550626808100289
23,0.5962564405026257,0.6134751773049646
24,0.626559816122116,0.6507276507276507
25,0.5707218467032096,0.5580952380952381
26,0.8842256862499186,0.8932698844323589
27,0.5611516585042466,0.5552699228791774
28,0.6473737759253098,0.6468842729970327
29,0.5384377068186295,0.5016501650165016
30,0.5696252743487106,0.5612952968388589
31,0.42574935823007476,0.4246913580246914
32,0.6249733994517996,0.6375545851528385
33,0.7543984709746367,0.7795698924731183
34,0.675693752056426,0.6737588652482269
35,0.6521458529199821,0.6610800744878957
36,0.6035281997339591,0.6021505376344086
37,0.39599329284802065,0.3565714285714286
38,0.671937004065267,0.692
39,0.5005474829678299,0.4880817253121453
40,0.5927091552885492,0.5811240721102863
41,0.8668043004387047,0.8728856996412097
42,0.7619193297050164,0.7580246913580246
43,0.7986218941761264,0.8101367658889783
44,0.8640808197279052,0.8685651697699891
45,0.7050513747449683,0.7129186602870813
46,0.7825706471573574,0.7826887661141805
47,0.6294760574137054,0.6144278606965174
48,0.5896005364392479,0.5974025974025974
49,0.5771052917985051,0.5653923541247485
50,0.3540760906753991,0.3523809523809524
51,0.5718039771979692,0.6029411764705882
52,0.6441302337556252,0.631578947368421
53,0.6314264146583068,0.6465256797583081
54,0.7837053191522841,0.7923497267759563
55,0.7388124541266993,0.7421981004070556
56,0.4091470039147695,0.3791390728476821
57,0.5873448111405678,0.588203167667941
58,0.7163158125912253,0.7210682492581603
59,0.3907321314875262,0.3870967741935484
60,0.5047678386130925,0.48868778280542985
61,0.6224313554603885,0.5949895615866388
62,0.7198008439817593,0.7253521126760564
63,0.6419555000463399,0.6605691056910569
64,0.5578064222745321,0.545144804088586
65,0.7274543244890276,0.7230046948356808
66,0.48209608823978733,0.4898373983739837
67,0.5405561414331426,0.5555555555555556
68,0.6873829934846825,0.6805555555555556
69,0.793980841042756,0.8018433179723502
70,0.7077545289373613,0.7432835820895523
71,0.49977059205728386,0.4716981132075472
72,0.6287164168815824,0.6149253731343284
73,0.8720504277823902,0.8766990291262136
74,0.46723433557115784,0.4881889763779528
75,0.6297271548895447,0.6359550561797753
76,0.7659963447436463,0.8125960061443932
77,0.7195358212319108,0.7259615384615384
78,0.8559371749569948,0.8660578386605784
79,0.5949180546259372,0.5888352120236178
80,0.7020149656242021,0.6962025316455697
81,0.8531895134401768,0.8578431372549019
82,0.773501529049904,0.8156123822341858
83,0.6711811517474944,0.6764705882352942
84,0.6863243367345717,0.6982248520710059
85,0.8395118324046887,0.8432203389830508
86,0.7672136207279506,0.7713675213675214
87,0.4806913810165752,0.49361702127659574
88,0.6700198247850204,0.6763005780346821
89,0.8109970322420093,0.8502906976744186
90,0.8201410686825606,0.8613636363636363
91,0.8014929280840648,0.8852459016393442
92,0.8680017681713394,0.8738154613466335
93,0.8631896252938343,0.8710045662100456
94,0.7136465668853859,0.732977303070761
95,0.650956880549214,0.6579025110782866
96,0.6384626373906972,0.648440120764844
97,0.7469349470908461,0.7381974248927039
98,0.7789820843493698,0.7869481765834933
99,0.7789820843493698,0.7869481765834933
100,0.6230115736309131,0.5988200589970502
101,0.6242294682708013,0.5987841945288754
102,0.6275978915458696,0.6021505376344086
103,0.6237338471580535,0.5974643423137876
104,0.6039734071758528,0.5744234800838575
105,0.5198146061873314,0.49072164948453606
106,0.6062274149433464,0.5968436154949784
107,0.5628072450784168,0.5560640732265446
108,0.5636469428658201,0.5524861878453039
109,0.5640619641015117,0.5508870214752568
110,0.39415243124277394,0.3962962962962963
111,0.4747415683968015,0.470404984423676
112,0.7218352110213464,0.7490601503759399
113,0.945437805037095,0.9458837075417387
114,0.650268466546069,0.6566757493188011
115,0.5768072406030403,0.5749086479902558
116,0.4131635658926596,0.41333333333333333
117,0.7395797735176973,0.7593360995850622
118,0.6465147120195986,0.6773333333333333
119,0.7484879851646842,0.8037676609105181
120,0.750688965173969,0.7644230769230769
121,0.41871464622665905,0.4189189189189189
122,0.36291868114317644,0.3601694915254237
123,0.41288761222542736,0.41964285714285715
124,0.5487341849715273,0.5789473684210527
125,0.5780068789594757,0.6086956521739131
126,0.3887746256718841,0.3494764397905759
127,0.878653092419342,0.8884197828709288
128,0.8807840826384802,0.8882497945768283
129,0.39504137702014064,0.40217391304347827
130,0.4443197197770941,0.4581005586592179
131,0.5940938825849873,0.5949221004039238
132,0.763465472706999,0.8144499178981938
133,0.774453649008683,0.7825327510917031
134,0.4872197644211251,0.48830409356725146
135,0.8704350006059177,0.8795749704840614
136,0.7201824355991409,0.7330246913580247
137,0.39504137702014064,0.40217391304347827
138,0.3988786247250205,0.3597285067873303
139,0.5695516842578984,0.5598360655737705
140,0.8540424181864386,0.8609706774519716
141,0.3533286819994082,0.35135135135135137
142,0.4699610924764338,0.4753694581280788
143,0.4684764774543875,0.46096654275092935
144,0.7589977036556728,0.7563025210084033
145,0.49958554900256363,0.519916142557652
146,0.6189972153219327,0.6360544217687075
147,0.36666120116157747,0.363080684596577
148,0.7660187168232807,0.8202443280977313
149,0.572182996051835,0.5601317957166392
150,0.851543015132815,0.8619281045751634
151,0.6203277834324777,0.6306818181818182
152,0.6425981287296854,0.6597633136094675
153,0.6093504121969917,0.6252072968490879
154,0.6154868207330376,0.6217564870259481
155,0.793284877061198,0.8348045397225725
156,0.8731074924830273,0.882282996432818
157,0.5330995242907817,0.5125348189415042
158,0.7248694788900386,0.7299813780260708
159,0.6029813076110593,0.6192893401015228
160,0.3338710201581257,0.3333333333333333
161,0.8702362510659711,0.8748768472906404
162,0.3662373232454618,0.3656387665198238
163,0.5611326377315353,0.5735694822888283
164,0.575560280845061,0.5877192982456141
165,0.5882887459593509,0.5808339429407462
166,0.4999111026361727,0.5186500888099467
167,0.5988918254978522,0.6103542234332425
168,0.6884060277943357,0.6816239316239316
169,0.8812843152823763,0.8886292834890965
170,0.697089449990129,0.7017543859649122
171,0.6232021131212302,0.628
172,0.6494580503031762,0.6424242424242425
173,0.6889912737123882,0.6895910780669146
174,0.5370649247300888,0.5251661918328585
175,0.7677720357050106,0.7653239929947461
176,0.8566667041763154,0.8667676003028009
177,0.6446616965001299,0.6396039603960396
178,0.7028129065652379,0.706140350877193
179,0.6236111771133683,0.6199616122840691
180,0.7592506175078224,0.7623604465709729
181,0.6171637322068136,0.6142857142857143
182,0.7722709159132587,0.8165266106442577
183,0.6671672257829343,0.68210405946255
184,0.7035088289020711,0.6895306859205776
185,0.5407466373991483,0.5333333333333333
186,0.5164882257972513,0.5160256410256411
187,0.48805477207847686,0.4918918918918919
188,0.6253910984483706,0.6308068459657702
189,0.7993983917610568,0.8111888111888111
190,0.7537524627098942,0.7554806070826307
191,0.5409051682016164,0.5356125356125356
192,0.7967409870147844,0.8387878787878787
193,0.5713868275517392,0.5592105263157895
194,0.5708565298868639,0.5586272640610105
195,0.5617263390260911,0.5915492957746479
196,0.5657471640424777,0.5730337078651685
197,0.8497997073813389,0.8600167644593462
198,0.5809392140219583,0.5799648506151143
199,0.7134250686746969,0.7260940032414911
200,0.8719459220062312,0.8763183125599233
201,0.8681942893621231,0.8728557013118062
202,0.8422170415699398,0.8466850828729282
203,0.5406939155179791,0.5522875816993464
204,0.8612629219408318,0.8674966651845265
205,0.8640122062685555,0.8707916287534122
206,0.8514492704362658,0.858544140423335
207,0.38492453939914245,0.3855421686746988
208,0.507613186009277,0.5222929936305732
209,0.5929336874392835,0.5933014354066986
210,0.5768282382971299,0.5758051846032993
211,0.7548790889077093,0.7835570469798657
212,0.36556871942604124,0.3640552995391705
213,0.4941614448395616,0.5143953934740882
214,0.6981922850490737,0.6956521739130435
215,0.38492453939914245,0.3855421686746988
216,0.6505685213873631,0.6576281287246722
217,0.6521085152359634,0.659214501510574
218,0.5658226580997718,0.5556451612903226
219,0.5046014696307911,0.5194805194805194
220,0.5201308382349554,0.5102739726027398
221,0.6170244751113345,0.6150121065375302
222,0.797109739103983,0.8390804597701149
223,0.7781566665512849,0.8245283018867925
224,0.6507863304827525,0.6805736636245111
225,0.3907321314875262,0.3870967741935484
226,0.39504137702014064,0.40217391304347827
227,0.7732677393827881,0.8162983425414365
228,0.3617480468265757,0.35916134913400183
229,0.5351943387951421,0.5235350624399616
230,0.6595865355701165,0.6677536231884058
231,0.5782697427181511,0.5863874345549738
232,0.840527305799677,0.845222072678331
233,0.38786582162334193,0.38823529411764707
234,0.669535060646975,0.6644664466446645
235,0.6684212068867805,0.6650326797385621
236,0.49257687049167087,0.47909199522102747
237,0.8572438388811453,0.8649553571428571
238,0.8826591520727215,0.890015600624025
239,0.7247368845421358,0.7304116865869854
240,0.5581444947859172,0.5477651183172656
241,0.8849057332895437,0.8927007299270073
242,0.6026658478598271,0.6150442477876106
243,0.6447042817971704,0.6501650165016502
244,0.4139705607958836,0.42105263157894735
245,0.7074017557506521,0.7005347593582888
246,0.5801609777354741,0.5795847750865052
247,0.761340613292358,0.8179787828029034
248,0.5714001782037351,0.5692307692307692
249,0.8570992032456779,0.8671698113207548
250,0.7763101430350346,0.7844756399669695
251,0.7209561082914165,0.7273809523809524
252,0.5464875921062882,0.5588235294117647
253,0.7001348382476618,0.7390029325513197
254,0.8702132872560756,0.8790887850467289
255,0.8697570004838177,0.8786635404454866
256,0.7249638712890323,0.7286324786324786
257,0.7119397962210308,0.7157057654075547
258,0.7105743907199247,0.7305555555555555
259,0.5812521115376428,0.5696846388606307
260,0.3510420817461289,0.3532934131736527
261,0.6224241140362159,0.6417910447761194
262,0.6347980754180316,0.6417910447761194
263,0.46892549262700267,0.4513788098693759
264,0.7738280990509547,0.7871759890859482
265,0.795767000980183,0.8378212974296205
266,0.8627886621353744,0.8694649446494465
267,0.5238889821719166,0.5188284518828452
268,0.6227950343883909,0.6363636363636364
269,0.6044364880816138,0.6292517006802721
270,0.5585093241236859,0.5696594427244582
271,0.543676124737738,0.50814332247557
272,0.5233371376225254,0.5150501672240803
273,0.660090830854899,0.6728682170542636
274,0.5314217981093333,0.5432372505543237
275,0.5640074935589531,0.5530679933665008
276,0.5617263390260911,0.5915492957746479
277,0.7210500802218576,0.696078431372549
278,0.5877537808665184,0.6033519553072626
279,0.5104298384480213,0.5210280373831776
280,0.8820455395777133,0.8888888888888888
281,0.5713868275517392,0.5592105263157895
282,0.7733458101815589,0.8151595744680851
283,0.7792110151828653,0.839003645200486
284,0.7948927493600472,0.8052516411378556
285,0.46572425020218977,0.4480234260614934
286,0.7753039803821848,0.7785467128027682
287,0.663834726196826,0.6724137931034483
288,0.5072324947465756,0.47790802524797116
289,0.5772376383761895,0.5753205128205128
290,0.8776064377450338,0.8873493975903615
291,0.47719027967252714,0.45440956651718983
292,0.5795644392181588,0.5773584905660377
293,0.7196672616124368,0.7422072451558551
294,0.6795484787497102,0.6848072562358276
295,0.7006829785284112,0.7093525179856115
296,0.6178014658046723,0.6257606490872211
297,0.6995684401984783,0.6936619718309859
298,0.6504965050999623,0.6573634204275535
299,0.790572399391461,0.7980295566502463
300,0.6816638329827553,0.6869369369369369
301,0.8684518168933285,0.9043611323641928
302,0.6428702480498023,0.6410256410256411
303,0.7195210021583733,0.7250437828371279
304,0.6244229309028129,0.6487341772151899
305,0.5598767529975881,0.5897435897435898
306,0.4642651477019605,0.4742268041237113
307,0.4475446983260453,0.42788461538461536
308,0.46641703044191146,0.4584450402144772
309,0.47979321744572273,0.4700139470013947
310,0.7802497399087422,0.7884615384615384
311,0.792342918770897,0.799761620977354
312,0.39040118240603466,0.3511008111239861
313,0.5713868275517392,0.5592105263157895
314,0.8856257331438037,0.8952569169960475
315,0.4301314869163042,0.42152466367713004
316,0.8075523540621606,0.8193956430077302
317,0.5363873898530546,0.5151515151515151
318,0.8630835601783898,0.8685897435897436
319,0.5784693590214088,0.5770850884582982
320,0.7857201358727768,0.8287292817679558
321,0.7928953427462379,0.8254310344827587
322,0.582531360364603,0.5819295558958653
323,0.655461280466328,0.650375939849624
324,0.7750614743572339,0.7743785850860421
325,0.7301050073728419,0.7357259380097879
326,0.7057299960269541,0.7001934235976789
327,0.7059601104899771,0.701098901098901
328,0.3391232703302185,0.3402777777777778
329,0.481227709712569,0.4896030245746692
330,0.7827644232896683,0.7917860553963706
331,0.7971029910831995,0.8051801801801802
332,0.8520023127915239,0.8549905838041432
333,0.7619660804405071,0.8193181818181818
334,0.6734291086627813,0.6629213483146067
335,0.5807788213989378,0.5689102564102564
336,0.4131635658926596,0.41333333333333333
337,0.5909517982684138,0.6235294117647059
338,0.43583921245538915,0.4067547723935389
339,0.34029151725790857,0.33974358974358976
340,0.8648913983351297,0.9025330396475771
341,0.8739940433015413,0.9128413712957583
342,0.8673477836641689,0.873224618621778
343,0.5171709222768484,0.4883268482490272
344,0.5419831310467765,0.5282685512367491
345,0.7461953895493717,0.8005982053838484
346,0.5686375892152166,0.5664516129032258
347,0.5259759884404309,0.5159362549800797
348,0.782528202790809,0.7910328262610088
349,0.5932132097090046,0.6104129263913824
350,0.7743954860712907,0.7878359264497878
351,0.565217978558745,0.5748502994011976
352,0.6000916959782169,0.6180811808118081
353,0.6909643255381942,0.7007575757575758
354,0.6712395495253665,0.6872427983539094
355,0.5771052917985051,0.5653923541247485
356,0.8644958614089928,0.870513402998637
357,0.5998613363299837,0.5778443113772455
358,0.6942529887684882,0.7123493975903614
359,0.8638929386748414,0.8689361702127659
360,0.48211103218283524,0.490521327014218
361,0.37118277313797576,0.36877523553162855
362,0.5032233433736774,0.48729792147806006
363,0.6397502261024577,0.6573033707865169
364,0.7337771231798536,0.7151442307692307
365,0.5381446123292317,0.5309278350515464
366,0.6324920899411474,0.6411378555798687
367,0.7761925916717451,0.7755511022044088
368,0.3801935621355635,0.37777777777777777
369,0.8564547629931644,0.8641425389755011
370,0.625926740324854,0.6371077762619373
371,0.5030630199872863,0.48428835489833644
372,0.8659896139038049,0.902002861230329
373,0.8603150799941308,0.8656779661016949
374,0.8891087104924661,0.8988833746898263
375,0.8799374777727978,0.8873469387755102
376,0.347796141381301,0.34574468085106386
377,0.3889398404780988,0.386096256684492
378,0.6486141316751957,0.6446601941747573
379,0.7714631187237467,0.8143053645116919
380,0.30950444874439015,0.3053691275167785
381,0.7655706267579805,0.7684365781710915
382,0.5433498254388167,0.5069444444444444
383,0.8766926957262187,0.8865546218487395
384,0.8439479372855679,0.8485639686684073
385,0.7175118041848494,0.7304075235109718
386,0.7696594966012218,0.77
387,0.4990976883679529,0.5182012847965739
388,0.4014281356741865,0.4028169014084507
389,0.5897536143778481,0.5826149425287356
390,0.35762960830986706,0.3568075117370892
391,0.48304484516195006,0.49266247379454925
392,0.6372606957878365,0.6410256410256411
393,0.5982707484333886,0.5923799582463466
394,0.6261063440934564,0.6147607461476075
395,0.657996589491265,0.6710526315789473
396,0.5463250558961239,0.5545927209705372
397,0.42964146771047707,0.4211111111111111
398,0.514127824493728,0.4979919678714859
399,0.7739750423050865,0.7820401046207498
400,0.5792649435239952,0.5935114503816794
401,0.5708905116253221,0.5613636363636364
402,0.647550914668752,0.6653465346534654
403,0.6399648951251387,0.6609686609686609
404,0.4343704169191487,0.4447513812154696
405,0.5707218467032096,0.5580952380952381
406,0.8805102909813971,0.8879736408566722
407,0.5373158685324403,0.5603217158176944
408,0.6285218043224359,0.6371134020618556
409,0.7838341989069156,0.7905138339920948
410,0.6644153848121658,0.6877828054298643
411,0.8574741278052291,0.8651371012870733
412,0.7239772907272499,0.7294520547945206
413,0.5933408162830289,0.5936046511627907
414,0.5929336874392835,0.5933014354066986
415,0.3259411192659487,0.3253588516746411
416,0.5835023500605118,0.5890688259109311
417,0.3836389013031113,0.38116100766703176
418,0.7203635855878152,0.7445848375451264
419,0.7623775514352126,0.7663551401869159
420,0.5901511694005431,0.5903179190751445
421,0.668268392869352,0.6874189364461738
422,0.5789196552897949,0.5873015873015873
423,0.5071600184522956,0.5006002400960384
424,0.3859430512732369,0.3757142857142857
425,0.7649913279292424,0.8156606851549756
426,0.773861681170767,0.7819614711033275
427,0.42428319883551496,0.4246575342465753
428,0.6990312702661295,0.6936736958934517
429,0.5729276612991879,0.5659340659340659
430,0.6003090223940104,0.6108490566037735
431,0.8268978454032534,0.8693181818181818
432,0.8822701610952404,0.889811320754717
433,0.8571574061711161,0.8615023474178404
434,0.7619193297050164,0.7580246913580246
435,0.8799374777727978,0.8873469387755102
436,0.33812408830065704,0.3375796178343949
437,0.5978735547075962,0.6150943396226415
438,0.5598366962975214,0.5485232067510548
439,0.6522957547384013,0.6592502285888449
440,0.8035522034649619,0.8156474820143885
441,0.8881284939120019,0.8813229571984436
442,0.7673489914378143,0.7718550106609808
443,0.38335575393870025,0.38372093023255816
444,0.3869723728296187,0.3902439024390244
445,0.8880409279008822,0.8810916179337231
446,0.4994153179352983,0.4868571428571429
447,0.6316592457122233,0.641156462585034
448,0.7660762237318158,0.8128834355828221
449,0.7828063570713842,0.7876712328767124
450,0.8017317655591696,0.8850158442734269
451,0.6786577587696139,0.6553459119496855
452,0.6585546859681244,0.6843373493975904
453,0.4642651477019605,0.4742268041237113
454,0.8634005537873313,0.8779956427015251
455,0.8555027687393599,0.8624813153961136
456,0.4683943705867761,0.48201438848920863
457,0.7104455421167937,0.7164461247637051
458,0.5880718774478998,0.5882352941176471
459,0.6029813076110593,0.6192893401015228
460,0.6790005628782902,0.680379746835443
461,0.697089449990129,0.7017543859649122
462,0.5747552756838675,0.572827417380661
463,0.8615014939320761,0.8691695108077361
464,0.8846790388829741,0.8931297709923665
465,0.4179442958864189,0.417910447761194
466,0.8615014939320761,0.8691695108077361
467,0.3533286819994082,0.35135135135135137
468,0.7874778996242763,0.7878787878787878
469,0.764416032885951,0.7678300455235205
470,0.779085917301937,0.8395926161680458
471,0.851543015132815,0.8619281045751634
472,0.3338920205925415,0.3333333333333333
473,0.8640122062685555,0.8707916287534122
474,0.879577326720773,0.8893591293833132
475,0.8856022709950566,0.8949801849405549
476,0.8874575236358909,0.8974358974358975
477,0.6125192940163147,0.6245644599303136
478,0.5390015335448978,0.5130533484676504
479,0.5578064222745321,0.545144804088586
480,0.5608678202821767,0.5583892617449664
481,0.5887865815966322,0.6055045871559633
482,0.468573972553569,0.44685714285714284
483,0.38116049208893643,0.37842778793418647
484,0.8692376279373906,0.8781636256621542
485,0.5718039771979692,0.6029411764705882
486,0.594866555980978,0.6307692307692307
487,0.5962564405026257,0.6134751773049646
488,0.5513103065876707,0.5425219941348973
489,0.8531895134401768,0.8578431372549019
490,0.3599828536714272,0.3582089552238806
491,0.7646678202911904,0.7657657657657657
492,0.7818187495164934,0.7847222222222222
493,0.7157351560789745,0.7342931937172775
494,0.6794397421122103,0.6416184971098265
495,0.7244278201944329,0.7196029776674938
496,0.6569377683503131,0.6700680272108843
497,0.3865072894103492,0.38510301109350237
498,0.6043138717398846,0.5945054945054945
499,0.8644199769466272,0.8712018140589569
500,0.8563591697847432,0.8632986627043091
501,0.8545598075246102,0.859375
502,0.7201824355991409,0.7330246913580247
503,0.6908941315063474,0.7099236641221374
504,0.6203242828504036,0.6190476190476191
505,0.7786749654806208,0.8382441371016236
506,0.8665372416894507,0.8727366787377134
507,0.8531895134401768,0.8578431372549019
508,0.7738042952602925,0.8163265306122449
509,0.6691628086708212,0.6855345911949685
510,0.44651158157810417,0.45675675675675675
511,0.5280744308319987,0.5201465201465202
512,0.6694808128002482,0.6640419947506562
513,0.6635204737887865,0.6760070052539404
514,0.5885030600797526,0.6051188299817185
515,0.46764266435345847,0.44583808437856326
516,0.361069618608043,0.36220472440944884
517,0.8400858374965331,0.8513238289205702
518,0.6528604428964758,0.6597750076010945
519,0.767653234517452,0.7716417910447761
520,0.7249480648754697,0.7202970297029703
521,0.6062499330955428,0.611358574610245
522,0.7916775513907702,0.8336557059961315
523,0.6335996836212551,0.642706131078224
524,0.8059682062802866,0.8179245283018868
525,0.7854494426553217,0.794435857805255
526,0.7175592575902879,0.713527851458886
527,0.6677626895210735,0.675
528,0.7638000932379645,0.7672281776416539
529,0.5889961457202916,0.5892351274787535
530,0.5880718774478998,0.5882352941176471
531,0.543676124737738,0.50814332247557
532,0.644940317757157,0.6314102564102564
533,0.6730620934584758,0.6914749661705006
534,0.8241385493145013,0.8660362490149724
535,0.6978289847797511,0.6950757575757576
536,0.8576509183412855,0.8644314868804664
537,0.8640596018368264,0.872
538,0.8791344068853152,0.8889559444779722
539,0.4989480361160599,0.4798206278026906
540,0.6670106667894427,0.6612339930151339
541,0.7660762237318158,0.8128834355828221
542,0.7207814773150838,0.7278481012658228
543,0.7271960501226375,0.7322580645161291
544,0.5079947112524131,0.5018315018315018
545,0.7487157072742769,0.7831196581196581
546,0.5282815702874393,0.5463510848126233
547,0.5276190494043652,0.5196078431372549
548,0.8060356126004492,0.8938869665513264
549,0.8711553215251377,0.8888888888888888
550,0.5365875016342091,0.5327022375215146
551,0.6176382699868654,0.62486602357985
552,0.6031703758205005,0.6211180124223602
553,0.7758762084305251,0.7842465753424658
554,0.8693219248173178,0.9047619047619048
555,0.7763101430350346,0.7844756399669695
556,0.7910836833614238,0.7985257985257985
557,0.9385009935839916,0.9371305749596991
558,0.5232567272890587,0.5106815869786369
559,0.8014929280840648,0.8852459016393442
560,0.6200869330606965,0.6349480968858131
561,0.8298563934044113,0.8724109362054681
562,0.5884443022222696,0.5896440129449838
563,0.49710978326982375,0.4844649021864212
564,0.6348432639762333,0.6302367941712204
565,0.5192886610787053,0.5080906148867314
566,0.6162690313598757,0.6228571428571429
567,0.6118350298818812,0.6184971098265896
568,0.5907194467613714,0.5912990196078431
569,0.567710934446324,0.5549242424242424
570,0.5524560211765818,0.5409252669039146
571,0.8504430342043167,0.8578485181119648
572,0.34717721846653504,0.34554973821989526
573,0.4112180787314676,0.37719298245614036
574,0.6267571000243796,0.650875386199794
575,0.7865950820909655,0.8643306379155435
576,0.7237923560497904,0.7293103448275862
577,0.5686703337988319,0.5606936416184971
578,0.6998594396955525,0.6937669376693767
579,0.5099831962931282,0.5231259968102073
580,0.5791497438455707,0.578538102643857
581,0.5152041327605333,0.502092050209205
582,0.6201417162950249,0.5936
583,0.7040390294116166,0.698876404494382
584,0.6022062883099354,0.5826771653543307
585,0.6621213781404353,0.6752
586,0.4880075498925521,0.49754901960784315
587,0.5651681901905795,0.5550200803212851
588,0.8610198572725408,0.8663575042158516
589,0.8891087104924661,0.8988833746898263
590,0.697121239653006,0.7014084507042253
591,0.39385883298030555,0.35443037974683544
592,0.4593858183268996,0.4518201284796574
593,0.38786582162334193,0.38823529411764707
594,0.6277301969851696,0.6367521367521367
595,0.738820812252791,0.7574468085106383
596,0.6472630954015236,0.6647286821705426
597,0.5640455406100038,0.553556827473426
598,0.5629779997437401,0.5521774856203779
599,0.7753567438531409,0.7886178861788617
600,0.5472035472829763,0.5278810408921933
601,0.654623963782809,0.6692708333333334
602,0.7696335982354208,0.8149210903873745
603,0.6607050360968446,0.6474358974358975
604,0.6795861104860247,0.6566791510611736
605,0.5520737285205201,0.5632911392405063
606,0.7745838511360159,0.7829457364341085
607,0.6809467405893068,0.6850220264317181
608,0.5900094676430963,0.5905567300916138
609,0.795076064261371,0.8366583541147132
610,0.7864191240390697,0.8293998651382333
611,0.5771052917985051,0.5653923541247485
612,0.8822701610952404,0.889811320754717
613,0.8719459220062312,0.8763183125599233
614,0.8402396918255624,0.8443843031123139
615,0.5481201560908995,0.5386904761904762
616,0.5373380172336113,0.5235507246376812
617,0.5275526787810039,0.5061224489795918
618,0.783664588550151,0.8271518544436669
619,0.5723752044815263,0.570528967254408
620,0.7905100235683602,0.8696551724137931
621,0.8671462220245489,0.8718209562563581
622,0.392754933826678,0.39325842696629215
623,0.4810620116096476,0.5
624,0.4984739353959501,0.5180722891566265
625,0.4917415442229816,0.5109649122807017
626,0.8470142220089638,0.8422575976845152
627,0.7452157418873557,0.7883472057074911
628,0.5419831310467765,0.5282685512367491
629,0.5775300801959511,0.5658291457286432
630,0.5746250731808394,0.5833333333333334
631,0.8518839806070412,0.8613545816733068
632,0.4321219825340552,0.42813455657492355
633,0.5717448565966449,0.5603864734299517
634,0.3739178751900221,0.3738738738738739
635,0.4748234325679278,0.46984126984126984
636,0.7905353913887855,0.869475138121547
637,0.7126862654612409,0.7235772357723578
638,0.6697146958492064,0.7280701754385965
639,0.7381056060779491,0.7639751552795031
640,0.6052046822388997,0.6197836166924265
641,0.5419831310467765,0.5282685512367491
642,0.8499258592239883,0.8571428571428571
643,0.5775300801959511,0.5658291457286432
644,0.8523613872604147,0.8594150846587993
645,0.5368393292201277,0.5522388059701493
646,0.6340506323180823,0.644880174291939
647,0.6690715332795953,0.6563706563706564
648,0.5579515339957746,0.5473032714412025
649,0.5871184659804788,0.5880026367831246
650,0.5516474460226178,0.5363128491620112
651,0.864975599353434,0.8705882352941177
652,0.847877793817438,0.8555070883315158
653,0.8545598075246102,0.859375
654,0.5897105770662638,0.5909677419354838
655,0.7934655126096117,0.8263888888888888
656,0.5904639167769242,0.5911330049261084
657,0.5991073370420373,0.5881081081081081
658,0.511016729623382,0.489010989010989
659,0.6912091767028291,0.7032374100719424
660,0.6045138763905905,0.5802861685214626
661,0.7186224561323675,0.7247706422018348
662,0.6959250263082704,0.7064516129032258
663,0.7049836276825489,0.7006920415224913
664,0.573783716152038,0.5645933014354066
665,0.5018340492034746,0.4824561403508772
666,0.648142664124601,0.6469002695417789
667,0.5524560211765818,0.5409252669039146
668,0.8714119075890694,0.8883792048929664
669,0.7324385493618341,0.7475409836065574
670,0.5812521115376428,0.5696846388606307
671,0.8590293427836516,0.8646420824295011
672,0.4077362190096929,0.4148936170212766
673,0.7050449689764667,0.7007042253521126
674,0.6555323796322913,0.6308900523560209
675,0.5312086364572864,0.5176151761517616
676,0.6640499867549358,0.6887675507020281
677,0.874908303889685,0.8925233644859814
678,0.3862739069485005,0.3466135458167331
679,0.4594490743402721,0.46774193548387094
680,0.596373283243919,0.60546875
681,0.7705628270486652,0.7709163346613546
682,0.8713931631647927,0.8887515451174289
683,0.34129546244730496,0.34146341463414637
684,0.5827148910074157,0.5711361310133061
685,0.8833586972542399,0.890881913303438
686,0.8732659579137305,0.8904639175257731
687,0.6930874435478643,0.6934673366834171
688,0.6051448586333198,0.6105032822757112
689,0.5610987207163326,0.5269121813031161
690,0.7696479528036878,0.7676056338028169
691,0.8579974390185584,0.865546218487395
692,0.6486333275901416,0.6437246963562753
693,0.6288184550758849,0.6350710900473934
694,0.676334607995767,0.6824644549763034
695,0.6790336042696796,0.6793587174348698
696,0.572212350612329,0.5630048465266559
697,0.3338710201581257,0.3333333333333333
698,0.7619193297050164,0.7580246913580246
699,0.7955855907319944,0.8370646766169154
700,0.5419831310467765,0.5282685512367491
701,0.5715323233791646,0.5602766798418972
702,0.8661139629545586,0.8711340206185567
703,0.5598767529975881,0.5897435897435898
704,0.5881113410084308,0.5893687707641196
705,0.8627312926747112,0.8676283411115825
706,0.43143590575459556,0.42303306727480045
707,0.6609656642878246,0.6706067769897557
708,0.6661121998818201,0.6808510638297872
709,0.6181828764799621,0.6307277628032345
710,0.6150683568967815,0.625
711,0.5552896914916485,0.5646879756468798
712,0.6296340937404733,0.6450617283950617
713,0.5713868275517392,0.5592105263157895
714,0.8875174138061935,0.8975175047740293
715,0.8545598075246102,0.859375
716,0.6341059196311181,0.6447688564476886
717,0.4256953585158926,0.4183350895679663
718,0.8833263163114599,0.8904564315352697
719,0.3597236076333804,0.3577586206896552
720,0.7908267160683241,0.7982779827798278
721,0.8661061139541791,0.8719892952720785
722,0.3907321314875262,0.3870967741935484
723,0.6113975449981107,0.6020066889632107
724,0.8608776025823055,0.8667471819645732
725,0.420504422781051,0.4298245614035088
726,0.4749937906428435,0.46959459459459457
727,0.6606999164286025,0.6703866082104424
728,0.5079947112524131,0.5018315018315018
729,0.679154850122804,0.6875
730,0.6093504121969917,0.6252072968490879
731,0.6443596959161332,0.6619718309859155
732,0.6486619131728113,0.6607538802660754
733,0.6662701937376018,0.6630434782608695
734,0.8584344757302609,0.8661773009599096
735,0.8805102909813971,0.8879736408566722
736,0.3705793349044241,0.3705357142857143
737,0.36178274208493727,0.36
738,0.8704350006059177,0.8795749704840614
739,0.8765589965506533,0.8862815884476535
740,0.3592075532798336,0.357487922705314
741,0.5412562551703779,0.5276292335115864
742,0.5920094817015833,0.5806111696522656
743,0.7518743656178846,0.7655502392344498
744,0.5894225774120315,0.5780104712041885
745,0.8634005537873313,0.8779956427015251
746,0.697812160136502,0.6937984496124031
747,0.8517995048827481,0.8618473895582329
748,0.7634617809442085,0.7668711656441718
749,0.384307331910707,0.38162544169611307
750,0.8671462220245489,0.8718209562563581
751,0.6374205339975594,0.6448275862068965
752,0.35710397884002065,0.3567251461988304
753,0.33678452481738536,0.33793103448275863
754,0.5939394454522265,0.5823591923485654
755,0.8612448429118882,0.8665280665280666
756,0.8820455395777133,0.8888888888888888
757,0.626699168765905,0.6390870185449358
758,0.3673622966826431,0.3651452282157676
759,0.6539738972835952,0.6683046683046683
760,0.7760990696328968,0.7782705099778271
761,0.4434871072684175,0.4574976122254059
762,0.5539245843174687,0.5833333333333334
763,0.3676098091166197,0.37209302325581395
764,0.46734286691140414,0.47277227722772275
765,0.8665372416894507,0.8727366787377134
766,0.8603170159351632,0.8658119658119658
767,0.856217143929671,0.8631631135349529
768,0.8498923430671338,0.8576122672508215
769,0.5492739394322036,0.5375457875457875
770,0.6092226733637908,0.6002785515320335
771,0.5570519396456527,0.5443686006825939
772,0.5697643248872705,0.582089552238806
773,0.5154618770024104,0.5121555915721232
774,0.5974850007114467,0.6148007590132827
775,0.7763101430350346,0.7844756399669695
776,0.5307692080915075,0.530241935483871
777,0.8565718834246522,0.8635014836795252
778,0.5927858633940397,0.6105675146771037
779,0.7042609848323743,0.6984924623115578
780,0.7740741852478188,0.7734375
781,0.6198252830888907,0.5913793103448276
782,0.5243721474682945,0.5168621700879765
783,0.7736184243771951,0.7816196542311192
784,0.7912919808395213,0.7987654320987654
785,0.7244189424305205,0.7447595561035758
786,0.8573964885327092,0.8651059085841695
787,0.39339782316003447,0.3956043956043956
788,0.44799234986815945,0.46046128500823724
789,0.4418332325037333,0.4547008547008547
790,0.5809763824420026,0.580370942812983
791,0.5590559396445985,0.5851851851851851
792,0.8780117075838296,0.8833922261484098
793,0.6397115693084899,0.6297619047619047
794,0.36291868114317644,0.3601694915254237
795,0.3540760906753991,0.3523809523809524
796,0.5578421172738542,0.5470008952551477
797,0.8353459200822811,0.838813151563753
798,0.8788818745961388,0.8849171752397559
799,0.6301022362725501,0.6431192660550459
800,0.7870987044340789,0.7875
801,0.6657545174083433,0.6774193548387096
802,0.7725590294799021,0.7704918032786885
803,0.32908625502724903,0.3286384976525822
804,0.4118558246018025,0.3782178217821782
805,0.6263734618099684,0.6505154639175258
806,0.8514738895090129,0.8612670408981555
807,0.5759047039134771,0.6052631578947368
808,0.6061961131421054,0.6333333333333333
809,0.5642620705023288,0.5541299117882919
810,0.7956970257036199,0.8373349339735895
811,0.5175768250318893,0.5136518771331058
812,0.7850929695225279,0.7939581719597212
813,0.6595524792739723,0.6690376569037657
814,0.7986218941761264,0.8101367658889783
815,0.7226044708216369,0.72782874617737
816,0.6645230180644881,0.6767857142857143
817,0.7873924391572616,0.7962962962962963
818,0.6506367520004303,0.6764044943820224
819,0.5538670091876055,0.5395095367847411
820,0.4058299684697109,0.4057971014492754
821,0.7870792688175814,0.8299003322259136
822,0.9392157542518663,0.9378407851690295
823,0.7168790139641408,0.7232142857142857
824,0.5417705056881691,0.5550724637681159
825,0.37036374189037874,0.37209302325581395
826,0.8733760938658953,0.878139534883721
827,0.6887687056557598,0.7009174311926606
828,0.6267224433924685,0.6328125
829,0.6602640879616587,0.6729166666666667
830,0.49200904310792626,0.4785714285714286
831,0.7565587909015,0.785472972972973
832,0.7632959936710493,0.7652329749103942
833,0.5812521115376428,0.5696846388606307
834,0.6205876927228028,0.616173808086904
835,0.7745519227206608,0.775047258979206
836,0.8807030084498594,0.8881578947368421
837,0.7737778604902171,0.7818499127399651
838,0.7819621494480848,0.7814814814814814
839,0.7244420696902631,0.731016731016731
840,0.7618045645382031,0.765891472868217
841,0.6090577694839311,0.6247960848287113
842,0.5300324212743136,0.5406593406593406
843,0.6374308048923849,0.634469696969697
844,0.38786582162334193,0.38823529411764707
845,0.6781823873513353,0.6783625730994152
846,0.4368102297388131,0.44910714285714287
847,0.5683475053921956,0.5681818181818182
848,0.4479592205314258,0.4637904468412943
849,0.5886699574913709,0.5898138006571741
850,0.6579566383949746,0.6666666666666666
851,0.860491902462981,0.8658484976724503
852,0.8555971412526657,0.8632573652028905
853,0.8496377722575535,0.8542713567839196
854,0.35432377628307193,0.35555555555555557
855,0.7838341989069156,0.7905138339920948
856,0.5709980833182974,0.5614567526555387
857,0.5349491937342331,0.52321083172147
858,0.5947467427052581,0.5846153846153846
859,0.8601672857101955,0.864796986186689
860,0.4532480691353368,0.46122448979591835
861,0.3597236076333804,0.3577586206896552
862,0.6093504121969917,0.6252072968490879
863,0.7077945387000141,0.7105263157894737
864,0.7165853569508768,0.7298245614035088
865,0.4222583674385833,0.42857142857142855
866,0.6137844147591491,0.648936170212766
867,0.6513402843526584,0.6576819407008087
868,0.3510420817461289,0.3532934131736527
869,0.5287109981526115,0.5010989010989011
870,0.5503536495074524,0.5255474452554745
871,0.5947467427052581,0.5846153846153846
872,0.4343704169191487,0.4447513812154696
873,0.468573972553569,0.44685714285714284
874,0.7717830279413888,0.7697674418604651
875,0.5783820069016863,0.5692729766803841
876,0.7957499050915979,0.8046218487394958
877,0.5656082433947425,0.5783132530120482
878,0.763356545214156,0.7940594059405941
879,0.5337199296672548,0.5117241379310344
880,0.770875414118587,0.7725694444444444
881,0.8332552868739879,0.8763250883392226
882,0.7313267925694892,0.713436385255648
883,0.6703636585992883,0.6697459584295612
884,0.6945199618809785,0.6996197718631179
885,0.6583000156035748,0.6861313868613139
886,0.3921800311748891,0.35251798561151076
887,0.6705618008292912,0.6865979381443299
888,0.45749409586214745,0.4335403726708075
889,0.8736981557192943,0.8916666666666667
890,0.776719102417565,0.7800925925925926
891,0.786035517675038,0.8641542506573181
892,0.8600081924098772,0.8646050982030924
893,0.8593951944105094,0.8639398998330551
894,0.40149659817628885,0.40860215053763443
895,0.8106346924237556,0.8124031007751938
896,0.6776474347597103,0.6766467065868264
897,0.7227736681240499,0.7282051282051282
898,0.5791497438455707,0.578538102643857
899,0.4430977419217188,0.4144927536231884
900,0.3317239241664173,0.33116883116883117
901,0.5315615516812651,0.5274725274725275
902,0.3911762463430474,0.38812301166489926
903,0.5356743085705815,0.55
904,0.7221387531294761,0.7261904761904762
905,0.624183032998355,0.6313725490196078
906,0.7660762237318158,0.8128834355828221
907,0.33445448300167,0.33557046979865773
908,0.6181732992437818,0.6131221719457014
909,0.4880075498925521,0.49754901960784315
910,0.7029846721503331,0.6982456140350877
911,0.5528380118609231,0.5660112359550562
912,0.5648836248898583,0.5536044362292052
913,0.364070675956484,0.36134453781512604
914,0.5574903069925347,0.546742209631728
915,0.8588367780829153,0.8655784925588094
916,0.8036835021391989,0.8146911519198664
917,0.7821841817704049,0.826025459688826
918,0.5798502402287149,0.568
919,0.5431529136750544,0.5331325301204819
920,0.3738834088381919,0.37542087542087543
921,0.6150296693453461,0.6298076923076923
922,0.7163158125912253,0.7210682492581603
923,0.7212750843725152,0.7485822306238186
924,0.6525702278673055,0.6605024424284718
925,0.6631327605770083,0.6795343137254902
926,0.9407169725505586,0.9400665926748057
927,0.6810919405371726,0.6863636363636364
928,0.5301365716567669,0.5408388520971302
929,0.8567789570867801,0.8668171557562077
930,0.7779538289493187,0.7816492450638792
931,0.6487268130390466,0.6537396121883656
932,0.6693439494740986,0.7234848484848485
933,0.8824932401930544,0.8898573692551506
934,0.32533471349251386,0.321875
935,0.7870792688175814,0.8299003322259136
936,0.8650331131628476,0.8700623700623701
937,0.7274543650829381,0.7402985074626866
938,0.39504137702014064,0.40217391304347827
939,0.7207688765982886,0.7444933920704846
940,0.774453649008683,0.7825327510917031
941,0.8870500612331019,0.8969465648854962
942,0.8796476702522464,0.8869778869778869
943,0.47422860922341903,0.48756218905472637
944,0.5094988029099827,0.4957356076759062
945,0.4077362190096929,0.4148936170212766
946,0.7043480104183718,0.6888888888888889
947,0.8333686668233279,0.8763157894736842
948,0.5313608138053754,0.5273264401772526
949,0.4343704169191487,0.4447513812154696
950,0.467356665152225,0.44558991981672397
951,0.7106457202149971,0.7146341463414634
952,0.5448052927844713,0.5231958762886598
953,0.7197082691599713,0.7246653919694073
954,0.6725458222331175,0.678743961352657
955,0.5681892247433197,0.5611111111111111
956,0.6869767976213305,0.6869070208728653
957,0.6904537883391724,0.6952965235173824
958,0.7176513009643973,0.7220338983050848
959,0.7724887742542053,0.8183613030602171
960,0.6447655689057367,0.6409774436090225
961,0.7248694788900386,0.7299813780260708
962,0.783520413870438,0.8457300275482094
963,0.5460285380369464,0.5261194029850746
964,0.6148521384282403,0.6214209968186638
965,0.5220976043298062,0.49365750528541225
966,0.624453376537118,0.6437994722955145
967,0.5135424840974038,0.5095320623916811
968,0.6765200853257449,0.6836158192090396
969,0.671797606168525,0.6781609195402298
970,0.6011914683134092,0.5972222222222222
971,0.5487341849715273,0.5789473684210527
972,0.6031777294407189,0.6145552560646901
973,0.4179442958864189,0.417910447761194
974,0.6986769110410785,0.6927374301675978
975,0.8595073189529375,0.8650862068965517
976,0.8487177196256015,0.8564410480349345
977,0.8504430342043167,0.8578485181119648
978,0.4810620116096476,0.5
979,0.6452337509204019,0.6405622489959839
980,0.7168759861026738,0.7148148148148148
981,0.43612856135347944,0.4487410071942446
982,0.44417446063059823,0.4578313253012048
983,0.4849955327125743,0.4708798017348203
984,0.7560412007198845,0.7849829351535836
985,0.716155805389557,0.7208588957055214
986,0.34129546244730496,0.34146341463414637
987,0.4836754587386528,0.46948941469489414
988,0.7928446789667734,0.8233766233766234
989,0.7725584912770401,0.7812018489984591
990,0.5538985658687484,0.548926014319809
991,0.7157351560789745,0.7342931937172775
992,0.45965188243438276,0.441400304414003
993,0.7574360891699059,0.7890772128060264
994,0.7737164301226579,0.7714932126696833
995,0.6833047313979325,0.6823529411764706
996,0.5770477288543979,0.574757281553398
997,0.3673622966826431,0.3651452282157676
998,0.586687149877405,0.597457627118644
999,0.7237923560497904,0.7293103448275862
1000,0.783125488568637,0.786046511627907
1001,0.5711974288986368,0.5592734225621415
1002,0.8509579661968144,0.8962892483349191
1003,0.5880981458906795,0.58584686774942
1004,0.8839773684317181,0.8912721893491125
1005,0.3317239241664173,0.33116883116883117
1006,0.6386349649009792,0.6555555555555556
1007,0.7699512041519444,0.7739520958083832
1008,0.7197082691599713,0.7246653919694073
1009,0.5651335238200429,0.5547201336675021
1010,0.5718039771979692,0.6029411764705882
1011,0.6818349585762284,0.6933333333333334
1012,0.8640808197279052,0.8685651697699891
1013,0.8647568154821008,0.9025866813428729
1014,0.6908941315063474,0.7099236641221374
1015,0.5903655467696373,0.5943396226415094
1016,0.7696335982354208,0.8149210903873745
1017,0.4892525866320164,0.4634448574969021
1018,0.6522844035401311,0.6789413118527042
1019,0.8684967860917788,0.8768873403019745
1020,0.8604250980184858,0.8659003831417624
1021,0.8724421988327151,0.8901515151515151
1022,0.7724653335975715,0.7717601547388782
1023,0.5648450464439428,0.5555555555555556
1024,0.5226964528792519,0.5076923076923077
1025,0.6754930936367569,0.6722972972972973
1026,0.7748857667716282,0.7754716981132076
1027,0.33664946856679034,0.3363431151241535
1028,0.795909796646126,0.8275862068965517
1029,0.8497068591369594,0.8944911297852475
1030,0.39321305648882393,0.35409457900807384
1031,0.8851567993427588,0.8945963975983989
1032,0.7707634146439057,0.7678275290215588
1033,0.8765589965506533,0.8862815884476535
1034,0.8807030084498594,0.8881578947368421
1035,0.49601898577482106,0.5012853470437018
1036,0.5744837113198241,0.572289156626506
1037,0.8805102909813971,0.8879736408566722
1038,0.7763587861289538,0.7805456702253856
1039,0.7699167842687896,0.7714884696016772
1040,0.7083125792219509,0.7034068136272545
1041,0.5768125816721844,0.5749588138385503
1042,0.7898895935140375,0.8323510150622135
1043,0.7817829813395519,0.8256555634301913
1044,0.8807030084498594,0.8881578947368421
1045,0.5299447121476052,0.5294117647058824
1046,0.7933686061980721,0.8238341968911918
1047,0.7163158125912253,0.7210682492581603
1048,0.8481528351049066,0.8586118251928021
1049,0.6356054606963626,0.6477272727272727
1050,0.4896556823019308,0.46919431279620855
1051,0.8832437906244134,0.8930741190765492
1052,0.5917545133250346,0.609009009009009
1053,0.3736324284244048,0.37206085753803597
1054,0.5959547378355937,0.6133333333333333
1055,0.538660578055756,0.5167597765363129
1056,0.7572440642842972,0.7586805555555556
1057,0.5782342385185407,0.5665322580645161
1058,0.5314217981093333,0.5432372505543237
1059,0.5528538380466471,0.5413333333333333
1060,0.6569024752251306,0.6863979848866498
1061,0.7141521503948821,0.7266881028938906
1062,0.4080664437073301,0.4084507042253521
1063,0.46399664827935144,0.45741324921135645
1064,0.494349694379369,0.5133333333333333
1065,0.5896558727876062,0.5907335907335908
1066,0.5446365339246467,0.5581061692969871
1067,0.563577196699812,0.5737373737373738
1068,0.6440098440315748,0.6517571884984026
1069,0.6178524056683463,0.6117381489841986
1070,0.8481528351049066,0.8586118251928021
1071,0.5901068572912939,0.590851334180432
1072,0.41628713215267493,0.4166666666666667
1073,0.7029846721503331,0.6982456140350877
1074,0.7790704313144727,0.7876322213181448
1075,0.5834459787144766,0.6112469437652812
1076,0.5713868275517392,0.5592105263157895
1077,0.5536730605939651,0.5408970976253298
1078,0.8631896252938343,0.8710045662100456
1079,0.5040870642310468,0.5123674911660777
1080,0.7816314027610965,0.8254416961130742
1081,0.5708610420040756,0.5687022900763359
1082,0.542227652387004,0.5654450261780105
1083,0.3683775139330668,0.36531365313653136
1084,0.7127399304034487,0.718266253869969
1085,0.7780651629118078,0.7802197802197802
1086,0.5913163923129972,0.6027777777777777
1087,0.667625275645583,0.6827425915165601
1088,0.776761257175817,0.785
1089,0.49413534565950545,0.4980494148244473
1090,0.5717439634423364,0.5623342175066313
1091,0.7688864669348084,0.7728613569321534
1092,0.7247489485696946,0.7300319488817891
1093,0.5433020150448482,0.5312791783380019
1094,0.718293024713402,0.7318718381112985
1095,0.7177653847368649,0.7311643835616438
1096,0.4036815443370662,0.4
1097,0.5338146381847936,0.5163636363636364
1098,0.6340367688709767,0.6454033771106942
1099,0.7564053766918001,0.7586776859504132
1100,0.5115708659112973,0.5221445221445221
1101,0.7195358212319108,0.7259615384615384
1102,0.7811806386187014,0.8270944741532977
1103,0.6482434299893984,0.66600790513834
1104,0.538660578055756,0.5167597765363129
1105,0.8006433370291779,0.8116776315789473
1106,0.6826195012765705,0.6823104693140795
1107,0.7202773304758153,0.743127147766323
1108,0.6731516164561717,0.6804878048780488
1109,0.7911984826804026,0.8709439528023599
1110,0.5809763824420026,0.580370942812983
1111,0.5656962955463194,0.5554655870445344
1112,0.8600664981960991,0.8646616541353384
1113,0.575560280845061,0.5877192982456141
1114,0.5093187081197746,0.5224358974358975
1115,0.5022282272698474,0.5154471544715448
1116,0.48303166255254143,0.4688279301745636
1117,0.5900710960948088,0.5828530259365994
1118,0.5835937501030237,0.5717234262125903
1119,0.8730988799700402,0.890520694259012
1120,0.7397152630043827,0.7610619469026548
1121,0.8517517213928683,0.8591859185918592
1122,0.7916390352793522,0.8013972055888223
1123,0.7901140821930789,0.7975460122699386
1124,0.5217075140998183,0.5074946466809421
1125,0.5416815591303911,0.5239651416122004
1126,0.5600352064501061,0.589041095890411
1127,0.4872324726674393,0.4772727272727273
1128,0.5811635777241312,0.5902061855670103
1129,0.855023084921026,0.8651340996168583
1130,0.4703605817308183,0.4504657070279424
1131,0.8525876641928398,0.8596311475409836
1132,0.8499766880615851,0.857377948436643
1133,0.8606808902483675,0.8683314415437003
1134,0.6455918769089423,0.6650124069478908
1135,0.5970962069066074,0.6142322097378277
1136,0.8081367105840629,0.8205861329521087
1137,0.7866845982069111,0.7936305732484077
1138,0.7240357991154793,0.729693741677763
1139,0.8105855606783774,0.8499635833940277
1140,0.5560413731182009,0.5648
1141,0.5653396350651018,0.5932203389830508
1142,0.7640992536835046,0.8135048231511254
1143,0.8121223829205647,0.8480104370515329
1144,0.7915315137972375,0.8335492227979274
1145,0.7759751772600331,0.8348030570252792
1146,0.8788818745961388,0.8849171752397559
1147,0.6543504049260993,0.6594427244582043
1148,0.6816638329827553,0.6869369369369369
1149,0.561852939332492,0.5507124895222129
1150,0.8589054626261529,0.8666666666666667
1151,0.6604147808514177,0.6675392670157068
1152,0.6266340348066599,0.6382153249272551
1153,0.46885614738277553,0.48226950354609927
1154,0.582856575454649,0.5712820512820512
1155,0.686742463924265,0.7009063444108762
1156,0.4880075498925521,0.49754901960784315
1157,0.5652377393948961,0.5562130177514792
1158,0.5812999528030512,0.5806949806949807
1159,0.5797740465887145,0.5784232365145229
1160,0.8329447308946832,0.8751054852320675
1161,0.6984901968584545,0.734984520123839
1162,0.5903329768462805,0.5832137733142038
1163,0.8704350006059177,0.8795749704840614
1164,0.34129546244730496,0.34146341463414637
1165,0.6181676466460855,0.5909090909090909
1166,0.86022197763785,0.8656462585034014
1167,0.8874393205476788,0.8970873786407767
1168,0.8796476702522464,0.8869778869778869
1169,0.33445448300167,0.33557046979865773
1170,0.5483390247021069,0.5442404006677797
1171,0.565632432897335,0.554945054945055
1172,0.5722720965931891,0.5609284332688588
1173,0.6402027510758027,0.6305125148986889
1174,0.7976875919002615,0.7988593155893536
1175,0.7724653335975715,0.7717601547388782
1176,0.7147881193068302,0.7215469613259669
1177,0.6747379928992331,0.6820388349514563
1178,0.6717219134923792,0.7290836653386454
1179,0.7731004850611755,0.7716150081566069
1180,0.8607269685249364,0.8660752006759611
1181,0.5597148717641764,0.5538461538461539
1182,0.8109382750104507,0.8127181077937184
1183,0.39339782316003447,0.3956043956043956
1184,0.9341295231788216,0.9328165374677002
1185,0.7629941047505687,0.7650602409638554
1186,0.8606095348876424,0.8659619450317124
1187,0.39224686631105743,0.39285714285714285
1188,0.5387138494783477,0.5176348547717843
1189,0.6118910492866919,0.627677100494234
1190,0.7846777218539158,0.7933177933177933
1191,0.669113644006471,0.6659528907922913
1192,0.6302830045415095,0.6367041198501873
1193,0.8051791565830463,0.8171641791044776
1194,0.6010017476721045,0.6151202749140894
1195,0.793980841042756,0.8018433179723502
1196,0.8731608210890499,0.8905529953917051
1197,0.9407169725505586,0.9400665926748057
1198,0.7601179687175145,0.7909090909090909
1199,0.8648913983351297,0.9025330396475771
1200,0.6669532298904213,0.6841216216216216
1201,0.48799707632529327,0.47788873038516405
1202,0.6810130350664286,0.686046511627907
1203,0.6677626895210735,0.675
1204,0.6460589061266528,0.6609848484848485
1205,0.5939205041507545,0.6111111111111112
1206,0.5106157936252069,0.5191462649089768
1207,0.5975341294657135,0.5986316989737742
1208,0.7024278894987207,0.7217391304347827
1209,0.6956018187825781,0.6909090909090909
1210,0.6197240212838638,0.6133682830930537
1211,0.5570519396456527,0.5443686006825939
1212,0.8670230931954739,0.8728902953586498
1213,0.6721724095285724,0.6904441453566622
1214,0.788382276395851,0.831023102310231
1215,0.6303232312022652,0.6441947565543071
1216,0.5936867899370636,0.5984848484848485
1217,0.7174781517258388,0.7307692307692307
1218,0.4000324535868082,0.4
1219,0.5524914761403072,0.581081081081081
1220,0.5590259379379965,0.5484147386461011
1221,0.8487177196256015,0.8564410480349345
1222,0.8611343783626525,0.8678804855275444
1223,0.7223641541920677,0.7288732394366197
1224,0.5290000306770377,0.539647577092511
1225,0.46820836385157916,0.48046875
1226,0.3907321314875262,0.3870967741935484
1227,0.550329921828283,0.5755395683453237
1228,0.5384708270536497,0.5232774674115456
1229,0.5947005031369519,0.5886143931256713
1230,0.772584961944888,0.7757644394110985
1231,0.6402691818279308,0.6397849462365591
1232,0.5464875921062882,0.5588235294117647
1233,0.6277326052049811,0.6189759036144579
1234,0.7075059731268123,0.7082066869300911
1235,0.772351793882189,0.7756482525366404
1236,0.6201505229717057,0.6022727272727273
1237,0.7750614743572339,0.7743785850860421
1238,0.3726287920168609,0.37416107382550334
1239,0.5587403343739117,0.5480225988700564
1240,0.5782342385185407,0.5665322580645161
1241,0.5544374987960607,0.5844155844155844
1242,0.8704350006059177,0.8795749704840614
1243,0.5570519396456527,0.5443686006825939
1244,0.8765239256043815,0.881981981981982
1245,0.5192416275845385,0.5346534653465347
1246,0.594866555980978,0.6307692307692307
1247,0.5464875921062882,0.5588235294117647
1248,0.8603664230517533,0.867169100329722
1249,0.8513492627632606,0.8584758942457231
1250,0.7840717840734712,0.8465753424657534
1251,0.8727137659684064,0.8778195488721805
1252,0.625721969654693,0.6597938144329897
1253,0.5539245843174687,0.5833333333333334
1254,0.5936447141356623,0.5912408759124088
1255,0.8848343651868532,0.8925979680696662
1256,0.3317239241664173,0.33116883116883117
1257,0.6513402843526584,0.6576819407008087
1258,0.6389708438431169,0.6356877323420075
1259,0.624453376537118,0.6437994722955145
1260,0.5285854057576641,0.5176056338028169
1261,0.7179010114351351,0.7062634989200864
1262,0.8853227986247425,0.8805237315875614
1263,0.5436763455384837,0.5551948051948052
1264,0.3662373232454618,0.3656387665198238
1265,0.47410214981852533,0.48695652173913045
1266,0.6964417199991487,0.6895604395604396
1267,0.44231965012118085,0.4563758389261745
1268,0.4918371154096636,0.47815533980582525
1269,0.511003371968136,0.4943310657596372
1270,0.3800169219808399,0.37142857142857144
1271,0.6290776478268342,0.634703196347032
1272,0.412148030923638,0.3785926660059465
1273,0.7048766889275934,0.7476022211004543
1274,0.7008369502870653,0.7434447300771209
1275,0.8883554393415178,0.8981886321049344
1276,0.795310928476706,0.826302729528536
1277,0.6509948302303052,0.6767337807606264
1278,0.8672940158170694,0.8756506651243493
1279,0.8060259564510089,0.8940774487471527
1280,0.804010562688555,0.815
1281,0.7737778604902171,0.7818499127399651
1282,0.7838341989069156,0.7905138339920948
1283,0.6629336355506915,0.675392670157068
1284,0.4880075498925521,0.49754901960784315
1285,0.5853461346443979,0.5777450257921887
1286,0.882102232537036,0.8894044856921887
1287,0.7827644232896683,0.7917860553963706
1288,0.8499066915127239,0.8943466172381835
1289,0.8798481643531109,0.8871753246753247
1290,0.5646197231871976,0.5647921760391198
1291,0.6734820239567223,0.6585858585858586
1292,0.7792500158009099,0.7878048780487805
1293,0.6389682663114069,0.6353591160220995
1294,0.47449176518215563,0.4579310344827586
1295,0.7944281310079846,0.8360450563204005
1296,0.5873520016224588,0.5947867298578199
1297,0.5573622059902951,0.5466666666666666
1298,0.8603376391976414,0.8649665551839465
1299,0.7719504134712927,0.7703016241299304
1300,0.5775300801959511,0.5658291457286432
1301,0.7339102256062515,0.7654075546719682
1302,0.7830281919824994,0.7916992952231793
1303,0.39359033430871393,0.35406698564593303
1304,0.8750863093886871,0.8803652968036529
1305,0.5617263390260911,0.5915492957746479
1306,0.6564867531307794,0.6695352839931153
1307,0.7540560109826806,0.7828282828282829
1308,0.5107690821719127,0.5061511423550088
1309,0.8656106848406606,0.8736358414704193
1310,0.5981914102799499,0.6128472222222222
1311,0.7953424739700246,0.8369304556354916
1312,0.5129664782612404,0.5096525096525096
1313,0.7212064998288048,0.7452914798206278
1314,0.7906026980177919,0.7978723404255319
1315,0.5695010260978457,0.5613899613899614
1316,0.8799374777727978,0.8873469387755102
1317,0.5209742657416397,0.5087358684480987
1318,0.5687634399694489,0.5642633228840125
1319,0.7109792608942593,0.7245222929936306
1320,0.5341166728082902,0.5253505933117584
1321,0.5917545133250346,0.609009009009009
1322,0.5110137845121366,0.5220417633410673
1323,0.7952503507481862,0.8253164556962025
1324,0.8702362510659711,0.8748768472906404
1325,0.5984498039566571,0.5882352941176471
1326,0.5868148166406176,0.6212121212121212
1327,0.851602073916605,0.8586900464156781
1328,0.8487177196256015,0.8564410480349345
1329,0.8641931197826165,0.8694736842105263
1330,0.7792500158009099,0.7878048780487805
1331,0.7867169909919466,0.7936708860759494
1332,0.7208198857220831,0.7261410788381742
1333,0.7204803257247807,0.7262569832402235
1334,0.6002021127356705,0.6020260492040521
1335,0.6667745629420136,0.6854741896758704
1336,0.6301316162242251,0.6419965576592083
1337,0.710491037548604,0.7007299270072993
1338,0.6982689612248291,0.6848249027237354
1339,0.8630835601783898,0.8685897435897436
1340,0.6175491100747085,0.6111111111111112
1341,0.5713868275517392,0.5592105263157895
1342,0.6305294026435575,0.6431034482758621
1343,0.8678956259993176,0.8738690792974987
1344,0.4487565895377913,0.4292527821939587
1345,0.5419831310467765,0.5282685512367491
1346,0.392754933826678,0.39325842696629215
1347,0.7640992536835046,0.8135048231511254
1348,0.782528202790809,0.7910328262610088
1349,0.5781326721827209,0.5773195876288659
1350,0.5798417745299217,0.5886889460154242
1351,0.7443206762087139,0.797945205479452
1352,0.4000324535868082,0.4
1353,0.5524914761403072,0.581081081081081
1354,0.7045062044956117,0.7077625570776256
1355,0.5492739394322036,0.5375457875457875
1356,0.6326748447136619,0.6417910447761194
1357,0.7727324392477166,0.7846607669616519
1358,0.7800498960787859,0.8399014778325123
1359,0.36020791392070456,0.3574468085106383
1360,0.5938962484478022,0.5942028985507246
1361,0.6641678113412638,0.6698113207547169
1362,0.8555971412526657,0.8632573652028905
1363,0.41871464622665905,0.4189189189189189
1364,0.8724086050765592,0.888268156424581
1365,0.6604147808514177,0.6675392670157068
1366,0.586779869729797,0.5865963855421686
1367,0.6983296525832606,0.7387847813742192
1368,0.7447381741244555,0.7577639751552795
1369,0.5487341849715273,0.5789473684210527
1370,0.6488412098515135,0.6692913385826772
1371,0.5347842475832616,0.5135869565217391
1372,0.6416663294503272,0.6320191158900836
1373,0.6509056759227321,0.6904761904761905
1374,0.7508696283134401,0.7785234899328859
1375,0.7967295022037044,0.8064516129032258
1376,0.6640499867549358,0.6887675507020281
1377,0.8612294578692803,0.8669322709163346
1378,0.4036815443370662,0.4
1379,0.6708468481126583,0.6681318681318681
1380,0.46887836956846635,0.45224719101123595
1381,0.5121574531453561,0.5
1382,0.42959552673491674,0.42905405405405406
1383,0.6167232203806279,0.6264916467780429
1384,0.5420311646005885,0.5196335078534031
1385,0.6745071878893396,0.6904276985743381
1386,0.7927231376761539,0.8221649484536082
1387,0.7686315609442128,0.7652027027027027
1388,0.4023088958022801,0.4036363636363636
1389,0.48479822872468903,0.4533333333333333
1390,0.5494924924555668,0.5378151260504201
1391,0.7823409644976038,0.7905511811023622
1392,0.7651750873663191,0.768451519536903
1393,0.5422022282235199,0.5389048991354467
1394,0.879751123764404,0.8870836718115354
1395,0.3662373232454618,0.3656387665198238
1396,0.34389958158882133,0.34507042253521125
1397,0.6992459992926565,0.7414428646656135
1398,0.731642205730943,0.7223300970873786
1399,0.6980908432168338,0.6911421911421911
1400,0.7197082691599713,0.7246653919694073
1401,0.6442510185590533,0.6430205949656751
1402,0.8045871383839075,0.8156565656565656
1403,0.7452546725626522,0.7486263736263736
1404,0.667713380887673,0.6835443037974683
1405,0.3887823054946892,0.3496143958868895
1406,0.8748904203476846,0.8921052631578947
1407,0.5464875921062882,0.5588235294117647
1408,0.8724796398995865,0.8897058823529411
1409,0.3739178751900221,0.3738738738738739
1410,0.34029151725790857,0.33974358974358976
1411,0.6671661914999092,0.6715116279069767
1412,0.781602272528573,0.7845433255269321
1413,0.5592718064571076,0.5484739676840216
1414,0.8502655020603542,0.8574412532637076
1415,0.7864762143217404,0.8295994568906992
1416,0.7306351656736562,0.7425742574257426
1417,0.4077362190096929,0.4148936170212766
1418,0.865053492497469,0.8704284221525601
1419,0.39339782316003447,0.3956043956043956
1420,0.7871850251715038,0.7960975609756098
1421,0.5843217251702724,0.572463768115942
1422,0.8599589819282482,0.8654670094258783
1423,0.6386448548233856,0.6373873873873874
1424,0.5969394438472785,0.5830258302583026
1425,0.632856933440074,0.6479289940828402
1426,0.8882250271976886,0.9281138790035587
1427,0.5632811698709216,0.552565180824222
1428,0.8648973592123608,0.871244635193133
1429,0.8670877496791202,0.8729166666666667
1430,0.6987910802709009,0.6935840707964602
1431,0.696429853867593,0.6903153153153153
1432,0.4077362190096929,0.4148936170212766
1433,0.5950812113670825,0.589247311827957
1434,0.7736747183492299,0.781651376146789
1435,0.7819621494480848,0.7814814814814814
1436,0.7238447770818681,0.7302204928664072
1437,0.721789507344384,0.7277856135401974
1438,0.7630987784218839,0.7665130568356375
1439,0.7123434656884797,0.7142857142857143
1440,0.5847726313884536,0.5932203389830508
1441,0.6952901151075401,0.6968215158924206
1442,0.5682121571251745,0.5813492063492064
1443,0.468573972553569,0.44685714285714284
1444,0.6518926432454921,0.6785714285714286
1445,0.3722411256438551,0.3721973094170404
1446,0.5403328400074764,0.5586854460093896
1447,0.4867495981224447,0.4963144963144963
1448,0.5463970195195739,0.5424164524421594
1449,0.5440910531560587,0.5403225806451613
1450,0.6693439494740986,0.7234848484848485
1451,0.7971036660548706,0.8061440677966102
1452,0.6003680949665964,0.604994324631101
1453,0.7104900090467071,0.7236421725239617
1454,0.7179442221334441,0.7312186978297162
1455,0.5264367406581597,0.5182724252491694
1456,0.6673217412526113,0.6746411483253588
1457,0.5782342385185407,0.5665322580645161
1458,0.6715358112085745,0.664796633941094
1459,0.6155100308474108,0.6192307692307693
1460,0.6555665868820023,0.6709183673469388
1461,0.717931110490235,0.7424657534246575
1462,0.6627265216299177,0.6743362831858407
1463,0.8671447440135688,0.9031007751937985
1464,0.5062482305874344,0.4897119341563786
1465,0.764301276489133,0.8162251655629139
1466,0.5540106585861239,0.5431034482758621
1467,0.8078736214548429,0.8203292770221904
1468,0.757613049179694,0.7604501607717041
1469,0.5415802165429385,0.5596330275229358
1470,0.8684967860917788,0.8768873403019745
1471,0.5977505075323937,0.5951156812339332
1472,0.8776064377450338,0.8873493975903615
1473,0.6776372257718303,0.6857142857142857
1474,0.6826195012765705,0.6823104693140795
1475,0.5947005031369519,0.5886143931256713
1476,0.6348432639762333,0.6302367941712204
1477,0.6001451005259473,0.5903083700440529
1478,0.5638698679995565,0.5525830258302583
1479,0.7362588376336255,0.7779204107830552
1480,0.5094741980467067,0.5219123505976095
1481,0.5940938825849873,0.5949221004039238
1482,0.9352077825612266,0.9337851929092805
1483,0.6407593291105741,0.6582633053221288
1484,0.780969984088421,0.8565488565488566
1485,0.5498444470550671,0.532058492688414
1486,0.5379342794322408,0.5154362416107383
1487,0.791527102296005,0.8015873015873016
1488,0.7954650437444571,0.8370281605751947
1489,0.5883254730557905,0.5862068965517241
1490,0.4058299684697109,0.4057971014492754
1491,0.5297103260779988,0.5454545454545454
1492,0.5115717550719564,0.5057692307692307
1493,0.7763101430350346,0.7844756399669695
1494,0.7177951705252927,0.722397476340694
1495,0.7774732575139855,0.8364817001180638
1496,0.5883341646730965,0.5892740353172008
1497,0.4191285299261162,0.3900481540930979
1498,0.7069003555952859,0.7114914425427873
1499,0.5902722708700344,0.5957120980091883
1500,0.3578355842271768,0.35609756097560974
1501,0.5750658206119323,0.5674242424242424
1502,0.8833586972542399,0.890881913303438
1503,0.46597851848626193,0.4421052631578947
1504,0.626402052416499,0.6339622641509434
1505,0.7769256652165341,0.7748344370860927
1506,0.8545830020740378,0.8616004026170105
1507,0.8796644487662201,0.8870703764320785
1508,0.41022474887209565,0.4166666666666667
1509,0.8664110552313352,0.8725060827250608
1510,0.8807030084498594,0.8881578947368421
1511,0.5398285657122268,0.5581395348837209
1512,0.5963162468740438,0.590285110876452
1513,0.7679209117786737,0.7715736040609137
1514,0.8863191274817108,0.8808373590982287
1515,0.6747379928992331,0.6820388349514563
1516,0.7150238942968761,0.7281021897810219
1517,0.8722691023548058,0.8886363636363637
1518,0.644215236489815,0.6589595375722543
1519,0.6948723347854926,0.6987951807228916
1520,0.6438807797847623,0.643312101910828
1521,0.6638812860153043,0.6755793226381461
1522,0.3901248038677159,0.39080459770114945
1523,0.5835353777083576,0.6116504854368932
1524,0.7166685605314165,0.7291666666666666
1525,0.5778253305717331,0.5862068965517241
1526,0.8755303192904209,0.8933177022274326
1527,0.347796141381301,0.34574468085106386
1528,0.6142597187639544,0.6075778078484438
1529,0.468573972553569,0.44685714285714284
1530,0.8579974390185584,0.865546218487395
1531,0.6469598329065052,0.6597222222222222
1532,0.7656363418711586,0.8123076923076923
1533,0.6394792926525559,0.638095238095238
1534,0.5807130018768492,0.589242053789731
1535,0.7786295668127593,0.8387301587301588
1536,0.851602073916605,0.8586900464156781
1537,0.5984498039566571,0.5882352941176471
1538,0.5831071623042174,0.583780880773362
1539,0.5975519573030078,0.5869894099848714
1540,0.8442010075577601,0.8552397868561279
1541,0.8062157586017211,0.891566265060241
1542,0.6644153848121658,0.6877828054298643
1543,0.5590980717947908,0.5555555555555556
1544,0.5713868275517392,0.5592105263157895
1545,0.715387831206825,0.7281399046104928
1546,0.36556871942604124,0.3640552995391705
1547,0.4080664437073301,0.4084507042253521
1548,0.8875575485321533,0.8974358974358975
1549,0.8891330881206448,0.8987730061349694
1550,0.6770957108639896,0.6832151300236406
1551,0.86550482640665,0.8715596330275229
1552,0.8799374777727978,0.8873469387755102
1553,0.6138613741512382,0.623391812865497
1554,0.6799699186307124,0.6415094339622641
1555,0.6103500991336824,0.5803921568627451
1556,0.6022610335600695,0.6013793103448276
1557,0.8703963994538343,0.8882758620689655
1558,0.3338920205925415,0.3333333333333333
1559,0.650869385959825,0.6462167689161554
1560,0.7234580480915866,0.7293777134587555
1561,0.6295977295395193,0.6142506142506142
1562,0.3900263230307284,0.35023584905660377
1563,0.8891330881206448,0.8987730061349694
1564,0.8640808197279052,0.8685651697699891
1565,0.6407593291105741,0.6582633053221288
1566,0.6275899502469201,0.6358595194085028
1567,0.4120241360452502,0.37697993664202745
1568,0.6292609202909565,0.6205305651672434
1569,0.8653385867989928,0.870953819594303
1570,0.8650644112036557,0.8710428305400373
