,last_halfday_avg_sentiment,last_halfday_pos_tweets
0,0.4616507705504441,0.4609053497942387
1,0.5708190511152341,0.6131386861313869
2,0.5337271419250392,0.5394736842105263
3,0.6347980754180316,0.6417910447761194
4,0.5784747496822232,0.5864661654135338
5,0.6347758366530108,0.6046511627906976
6,0.6460589061266528,0.6609848484848485
7,0.6339797337176959,0.6376811594202898
8,0.7393301224156048,0.7474402730375427
9,0.6781198516579068,0.6822222222222222
10,0.6887162667225746,0.6885245901639344
11,0.5893895128093519,0.5746268656716418
12,0.7601444336400832,0.7562189054726368
13,0.6368092576637742,0.6433823529411765
14,0.5871184659804788,0.5880026367831246
15,0.5521414353536271,0.5378151260504201
16,0.5113031991294462,0.5180722891566265
17,0.5557840160923523,0.5666666666666667
18,0.8032909981924342,0.8120104438642297
19,0.72029245280127,0.7258347978910369
20,0.6947280573065171,0.6908517350157729
21,0.4365971409337259,0.4493006993006993
22,0.6760780028432883,0.6731182795698925
23,0.6639951044777054,0.6826666666666666
24,0.5651786326537959,0.5727002967359051
25,0.2885053935652701,0.2638888888888889
26,0.8842256862499186,0.8932698844323589
27,0.655820239260933,0.6618705035971223
28,0.6473737759253098,0.6468842729970327
29,0.5384377068186295,0.5016501650165016
30,0.43598964752053093,0.4298056155507559
31,0.3331864417041029,0.33444816053511706
32,0.6219150655776686,0.6321525885558583
33,0.7543984709746367,0.7795698924731183
34,0.675693752056426,0.6737588652482269
35,0.6521458529199821,0.6610800744878957
36,0.6161230686829001,0.5875
37,0.39599329284802065,0.3565714285714286
38,0.6905296943993996,0.7058823529411765
39,0.4866422140593079,0.48635634028892455
40,0.5927091552885492,0.5811240721102863
41,0.8668043004387047,0.8728856996412097
42,0.7619193297050164,0.7580246913580246
43,0.7986218941761264,0.8101367658889783
44,0.8640808197279052,0.8685651697699891
45,0.7713955905490312,0.7794117647058824
46,0.8454033218957137,0.8489932885906041
47,0.5624689652541655,0.5165562913907285
48,0.5896005364392479,0.5974025974025974
49,0.5771052917985051,0.5653923541247485
50,0.3342339092107322,0.3333333333333333
51,0.5718039771979692,0.6029411764705882
52,0.6441302337556252,0.631578947368421
53,0.6314264146583068,0.6465256797583081
54,0.8020471451279476,0.8137065637065637
55,0.6798729300699251,0.6838709677419355
56,0.4091470039147695,0.3791390728476821
57,0.595604280975903,0.5989159891598916
58,0.6760696023740802,0.6866666666666666
59,0.3907321314875262,0.3870967741935484
60,0.5047678386130925,0.48868778280542985
61,0.48716748177545943,0.4409448818897638
62,0.7198008439817593,0.7253521126760564
63,0.6419555000463399,0.6605691056910569
64,0.5822219556131379,0.5587044534412956
65,0.7111557127376033,0.7164179104477612
66,0.48209608823978733,0.4898373983739837
67,0.5405561414331426,0.5555555555555556
68,0.6873829934846825,0.6805555555555556
69,0.8285227905996627,0.841091492776886
70,0.7077545289373613,0.7432835820895523
71,0.38728831937337627,0.3466299862448418
72,0.6287164168815824,0.6149253731343284
73,0.8720504277823902,0.8766990291262136
74,0.34381579356602554,0.37142857142857144
75,0.6124908029685946,0.6194690265486725
76,0.7659963447436463,0.8125960061443932
77,0.760738197219767,0.768762677484787
78,0.8381008767240454,0.8419540229885057
79,0.4948398341024819,0.46875
80,0.7020149656242021,0.6962025316455697
81,0.8531895134401768,0.8578431372549019
82,0.773501529049904,0.8156123822341858
83,0.6711811517474944,0.6764705882352942
84,0.6863243367345717,0.6982248520710059
85,0.9273707003938937,0.9282115869017632
86,0.7672136207279506,0.7713675213675214
87,0.4806913810165752,0.49361702127659574
88,0.6700198247850204,0.6763005780346821
89,0.6899188659883132,0.7104477611940299
90,0.708878546243943,0.7347670250896058
91,0.7915556168155629,0.8612244897959184
92,0.8680017681713394,0.8738154613466335
93,0.8786235479002847,0.8887814313346228
94,0.76343347028058,0.7605633802816901
95,0.644953673051378,0.648075412411626
96,0.6563302572954139,0.6663419386264003
97,0.6691421970301535,0.6283524904214559
98,0.7789820843493698,0.7869481765834933
99,0.7789820843493698,0.7869481765834933
100,0.6653808353789259,0.6508620689655172
101,0.6731580047563159,0.6556603773584906
102,0.6855255330854289,0.6682926829268293
103,0.6786084564480188,0.6594594594594595
104,0.6039734071758528,0.5744234800838575
105,0.3823846814451281,0.3352165725047081
106,0.6692351859294318,0.6554621848739496
107,0.642507415057349,0.6288659793814433
108,0.2983325631905116,0.28174603174603174
109,0.28341598955463,0.25738396624472576
110,0.3914298275015476,0.3952380952380952
111,0.5464167402309422,0.5461847389558233
112,0.669588301028788,0.6646341463414634
113,0.945437805037095,0.9458837075417387
114,0.650268466546069,0.6566757493188011
115,0.5768072406030403,0.5749086479902558
116,0.4131635658926596,0.41333333333333333
117,0.7395797735176973,0.7593360995850622
118,0.6465147120195986,0.6773333333333333
119,0.6400134831046438,0.674468085106383
120,0.874938066251539,0.8921568627450981
121,0.41871464622665905,0.4189189189189189
122,0.3490222505088958,0.3465909090909091
123,0.42350999825045943,0.4423076923076923
124,0.5487341849715273,0.5789473684210527
125,0.5780068789594757,0.6086956521739131
126,0.3887746256718841,0.3494764397905759
127,0.878653092419342,0.8884197828709288
128,0.8807840826384802,0.8882497945768283
129,0.39504137702014064,0.40217391304347827
130,0.4443197197770941,0.4581005586592179
131,0.6151442323150307,0.61875
132,0.763465472706999,0.8144499178981938
133,0.7930486184815775,0.8044444444444444
134,0.5654020627862802,0.5773195876288659
135,0.8921162049595508,0.9047131147540983
136,0.8821661116575771,0.8995327102803738
137,0.39504137702014064,0.40217391304347827
138,0.46827795676915857,0.43283582089552236
139,0.4090991729698556,0.39896373056994816
140,0.8614955779260891,0.8698412698412699
141,0.3291593080773324,0.328
142,0.4699610924764338,0.4753694581280788
143,0.574579491567024,0.5655172413793104
144,0.8150529673531512,0.8138528138528138
145,0.49958554900256363,0.519916142557652
146,0.6076733815407256,0.6268656716417911
147,0.3669563547883534,0.3563218390804598
148,0.7660187168232807,0.8202443280977313
149,0.6130768979953503,0.5917602996254682
150,0.8265765888267492,0.83003300330033
151,0.6203277834324777,0.6306818181818182
152,0.6074167691272395,0.6187050359712231
153,0.6766855804117021,0.6932367149758454
154,0.6154868207330376,0.6217564870259481
155,0.8546512843049872,0.9007551240560949
156,0.8731074924830273,0.882282996432818
157,0.5330995242907817,0.5125348189415042
158,0.7248694788900386,0.7299813780260708
159,0.6693320510790912,0.6865671641791045
160,0.29156161156482846,0.29292929292929293
161,0.8702362510659711,0.8748768472906404
162,0.35278430967961594,0.3532934131736527
163,0.6403220017259291,0.6389776357827476
164,0.575560280845061,0.5877192982456141
165,0.5014070200715962,0.4971857410881801
166,0.4929533889396776,0.5
167,0.5988918254978522,0.6103542234332425
168,0.6884060277943357,0.6816239316239316
169,0.8812843152823763,0.8886292834890965
170,0.7557886673828603,0.7543859649122807
171,0.6232021131212302,0.628
172,0.6494580503031762,0.6424242424242425
173,0.7634603882201226,0.7658536585365854
174,0.5380190347233638,0.5358490566037736
175,0.7884148510709197,0.7894736842105263
176,0.8396493293362121,0.8435277382645804
177,0.6841501871777211,0.6714801444043321
178,0.7028129065652379,0.706140350877193
179,0.6236111771133683,0.6199616122840691
180,0.7115298340385199,0.715
181,0.5951966061403264,0.5895522388059702
182,0.7722709159132587,0.8165266106442577
183,0.6671672257829343,0.68210405946255
184,0.6877719530128779,0.6666666666666666
185,0.5407466373991483,0.5333333333333333
186,0.5164882257972513,0.5160256410256411
187,0.6437696694034226,0.6679245283018868
188,0.5998910358444133,0.6052631578947368
189,0.7765130993694264,0.7872340425531915
190,0.6821146988991955,0.6807228915662651
191,0.5409051682016164,0.5356125356125356
192,0.8564425369385037,0.9031281533804238
193,0.6111180757938514,0.5895522388059702
194,0.2878498875490627,0.2651162790697674
195,0.5617263390260911,0.5915492957746479
196,0.5657471640424777,0.5730337078651685
197,0.8216135881954468,0.8243478260869566
198,0.5809392140219583,0.5799648506151143
199,0.7134250686746969,0.7260940032414911
200,0.8719459220062312,0.8763183125599233
201,0.8681942893621231,0.8728557013118062
202,0.8422170415699398,0.8466850828729282
203,0.5406939155179791,0.5522875816993464
204,0.8707830414493973,0.8778576094056172
205,0.8751941583732306,0.8831081081081081
206,0.8576257275218571,0.8662838392124692
207,0.38492453939914245,0.3855421686746988
208,0.5323281094359988,0.5567010309278351
209,0.6140116330920881,0.616580310880829
210,0.5768282382971299,0.5758051846032993
211,0.696860890472208,0.7194570135746606
212,0.3510033086320189,0.3503184713375796
213,0.4941614448395616,0.5143953934740882
214,0.6981922850490737,0.6956521739130435
215,0.38492453939914245,0.3855421686746988
216,0.6437660312791845,0.6471061093247589
217,0.647759741708142,0.6510851419031719
218,0.574150573226077,0.5723014256619144
219,0.5237641632380502,0.5494505494505495
220,0.4328730605958095,0.3925925925925926
221,0.5943870924893752,0.5900383141762452
222,0.8568755777369688,0.903420523138833
223,0.7781566665512849,0.8245283018867925
224,0.6507863304827525,0.6805736636245111
225,0.3907321314875262,0.3870967741935484
226,0.39504137702014064,0.40217391304347827
227,0.7732677393827881,0.8162983425414365
228,0.3617480468265757,0.35916134913400183
229,0.5355467095147299,0.5338441890166028
230,0.6759194804148708,0.6805555555555556
231,0.5782697427181511,0.5863874345549738
232,0.840527305799677,0.845222072678331
233,0.38786582162334193,0.38823529411764707
234,0.652420217193319,0.6559139784946236
235,0.6985872865325087,0.6917562724014337
236,0.4740632253295668,0.47322970639032813
237,0.8681280114423733,0.8780260707635009
238,0.8826591520727215,0.890015600624025
239,0.778060391363825,0.785024154589372
240,0.3254139886725072,0.3127035830618892
241,0.8849057332895437,0.8927007299270073
242,0.5870325816918397,0.6
243,0.6447042817971704,0.6501650165016502
244,0.4139705607958836,0.42105263157894735
245,0.7074017557506521,0.7005347593582888
246,0.5801609777354741,0.5795847750865052
247,0.668590959474527,0.7028571428571428
248,0.5714001782037351,0.5692307692307692
249,0.8405561621032074,0.8444130127298444
250,0.7941054986893423,0.8053830227743272
251,0.7624615946690323,0.7704590818363274
252,0.6022216919102851,0.6132404181184669
253,0.7944662392138395,0.8550087873462214
254,0.8913417231353099,0.903420523138833
255,0.890682153683694,0.902834008097166
256,0.8320521225731806,0.8359788359788359
257,0.7119397962210308,0.7157057654075547
258,0.7610771922417104,0.7576687116564417
259,0.5812521115376428,0.5696846388606307
260,0.32152462608765936,0.32710280373831774
261,0.6224241140362159,0.6417910447761194
262,0.6347980754180316,0.6417910447761194
263,0.4298965923069501,0.42691415313225056
264,0.7917030142640121,0.8258258258258259
265,0.8557899539828535,0.9025641025641026
266,0.8735960996714403,0.8813793103448276
267,0.5454641868696252,0.5333333333333333
268,0.6227950343883909,0.6363636363636364
269,0.6103901294771559,0.6141732283464567
270,0.5585093241236859,0.5696594427244582
271,0.543676124737738,0.50814332247557
272,0.44392579271100285,0.4084507042253521
273,0.6349400941666316,0.6379310344827587
274,0.5816059644388092,0.5916030534351145
275,0.57214008870927,0.569620253164557
276,0.5617263390260911,0.5915492957746479
277,0.7210500802218576,0.696078431372549
278,0.6561302070717789,0.6724137931034483
279,0.5488431070770367,0.5564853556485355
280,0.8820455395777133,0.8888888888888888
281,0.6111180757938514,0.5895522388059702
282,0.7733458101815589,0.8151595744680851
283,0.7792110151828653,0.839003645200486
284,0.7948927493600472,0.8052516411378556
285,0.42420101118208536,0.4211764705882353
286,0.7753039803821848,0.7785467128027682
287,0.663834726196826,0.6724137931034483
288,0.39007005152179686,0.34626865671641793
289,0.5916903505577463,0.5776173285198556
290,0.8776064377450338,0.8873493975903615
291,0.38667620340245956,0.34986945169712796
292,0.6058529701823917,0.5846994535519126
293,0.6758533644120543,0.6682926829268293
294,0.6795484787497102,0.6848072562358276
295,0.6654818756830371,0.6788079470198676
296,0.6178014658046723,0.6257606490872211
297,0.7502476620063074,0.7358490566037735
298,0.6436379094840671,0.6464968152866242
299,0.8270531160923174,0.8395061728395061
300,0.6816638329827553,0.6869369369369369
301,0.8936918831717837,0.9337298215802888
302,0.6952576195474047,0.6865671641791045
303,0.7195210021583733,0.7250437828371279
304,0.556246422881487,0.5634674922600619
305,0.5598767529975881,0.5897435897435898
306,0.46655481931668,0.4723618090452261
307,0.386512728469243,0.3825136612021858
308,0.46641703044191146,0.4584450402144772
309,0.4560622415241939,0.45454545454545453
310,0.7802497399087422,0.7884615384615384
311,0.8278956858034686,0.8400673400673401
312,0.39040118240603466,0.3511008111239861
313,0.6111180757938514,0.5895522388059702
314,0.8856257331438037,0.8952569169960475
315,0.3710085490539105,0.3686440677966102
316,0.8161774878323178,0.8274932614555256
317,0.7543632189556133,0.748587570621469
318,0.8630835601783898,0.8685897435897436
319,0.5784693590214088,0.5770850884582982
320,0.8515014984479644,0.9011406844106464
321,0.7928953427462379,0.8254310344827587
322,0.582531360364603,0.5819295558958653
323,0.655461280466328,0.650375939849624
324,0.8357966892349316,0.8381294964028777
325,0.7301050073728419,0.7357259380097879
326,0.7215160641696037,0.7218934911242604
327,0.7316416558099749,0.7383177570093458
328,0.2930102174681844,0.2976190476190476
329,0.5211998882013849,0.547085201793722
330,0.8061704235695267,0.8192019950124688
331,0.8317601626755191,0.8444790046656299
332,0.9318468235886816,0.9320288362512873
333,0.663028523463209,0.6990595611285266
334,0.6734291086627813,0.6629213483146067
335,0.6295156257543376,0.6091549295774648
336,0.4131635658926596,0.41333333333333333
337,0.5685681244667758,0.6
338,0.43583921245538915,0.4067547723935389
339,0.30067275033343505,0.3020833333333333
340,0.8072113657129865,0.8395522388059702
341,0.8303089822392695,0.8662131519274376
342,0.8673477836641689,0.873224618621778
343,0.39130357546052913,0.3463497453310696
344,0.544862412981284,0.5176991150442478
345,0.6501128298150635,0.6849557522123894
346,0.5686375892152166,0.5664516129032258
347,0.5354231649803503,0.5459459459459459
348,0.8011673842671296,0.8127490039840638
349,0.6606774172379735,0.6793478260869565
350,0.7945235042279112,0.8306188925081434
351,0.3763885257120117,0.3761467889908257
352,0.5591702831703221,0.581081081081081
353,0.6971236682921427,0.7105263157894737
354,0.6712395495253665,0.6872427983539094
355,0.5771052917985051,0.5653923541247485
356,0.8644958614089928,0.870513402998637
357,0.5203576695835012,0.49683544303797467
358,0.7314132884989925,0.7185185185185186
359,0.8468787242174391,0.8483754512635379
360,0.48211103218283524,0.490521327014218
361,0.37118277313797576,0.36877523553162855
362,0.5032233433736774,0.48729792147806006
363,0.6397502261024577,0.6573033707865169
364,0.6676171367868193,0.616751269035533
365,0.5381446123292317,0.5309278350515464
366,0.6186690027233583,0.6302521008403361
367,0.7761925916717451,0.7755511022044088
368,0.4023934459813324,0.3965014577259475
369,0.8667729864098515,0.8766233766233766
370,0.6239477101736948,0.6319612590799032
371,0.5030630199872863,0.48428835489833644
372,0.8891658533526249,0.9290220820189274
373,0.8687771704020983,0.8745432399512789
374,0.8891087104924661,0.8988833746898263
375,0.8799374777727978,0.8873469387755102
376,0.32159985874578606,0.3203125
377,0.42197221401220175,0.41534391534391535
378,0.689866630412505,0.6794425087108014
379,0.7714631187237467,0.8143053645116919
380,0.30950444874439015,0.3053691275167785
381,0.738297667618367,0.7410358565737052
382,0.5433498254388167,0.5069444444444444
383,0.8766926957262187,0.8865546218487395
384,0.8439479372855679,0.8485639686684073
385,0.8819650923232862,0.8995215311004785
386,0.7696594966012218,0.77
387,0.4990976883679529,0.5182012847965739
388,0.4014281356741865,0.4028169014084507
389,0.5089538659241808,0.5053763440860215
390,0.3395700255541027,0.33986928104575165
391,0.48304484516195006,0.49266247379454925
392,0.6202488012620121,0.6212121212121212
393,0.5134851552834359,0.48966613672496023
394,0.6018737960119017,0.6103896103896104
395,0.6188534079873959,0.6204379562043796
396,0.38812261428350614,0.3877551020408163
397,0.37107514534069114,0.36875
398,0.514127824493728,0.4979919678714859
399,0.7923987827521195,0.8037694013303769
400,0.6455055586335288,0.6597014925373135
401,0.5798222619677174,0.5781544256120528
402,0.647550914668752,0.6653465346534654
403,0.6683218382840032,0.7083333333333334
404,0.4043446396554363,0.41040462427745666
405,0.2885053935652701,0.2638888888888889
406,0.8805102909813971,0.8879736408566722
407,0.5940006741729431,0.6346153846153846
408,0.6128850099302118,0.6240601503759399
409,0.8208647577603632,0.8326848249027238
410,0.6644153848121658,0.6877828054298643
411,0.868563883444379,0.8783910196445276
412,0.7239772907272499,0.7294520547945206
413,0.6135148551334075,0.6156299840510366
414,0.6140116330920881,0.616580310880829
415,0.3259411192659487,0.3253588516746411
416,0.5534182171521614,0.552
417,0.4104187161217148,0.4044943820224719
418,0.6708351350946833,0.6623134328358209
419,0.7241963611707244,0.7302325581395349
420,0.5901511694005431,0.5903179190751445
421,0.5557236707667337,0.5887445887445888
422,0.5789196552897949,0.5873015873015873
423,0.38370626356477966,0.37073170731707317
424,0.5197934025949378,0.49902152641878667
425,0.7649913279292424,0.8156606851549756
426,0.7923571554241847,0.8037904124860646
427,0.42428319883551496,0.4246575342465753
428,0.742162452257997,0.7302452316076294
429,0.5729276612991879,0.5659340659340659
430,0.5813078825178218,0.5888888888888889
431,0.8268978454032534,0.8693181818181818
432,0.8822701610952404,0.889811320754717
433,0.8571574061711161,0.8615023474178404
434,0.7619193297050164,0.7580246913580246
435,0.8799374777727978,0.8873469387755102
436,0.2975730845667957,0.29896907216494845
437,0.5512337506602092,0.5714285714285714
438,0.56699272057913,0.564185544768069
439,0.6481773793259278,0.65098374679213
440,0.8035522034649619,0.8156474820143885
441,0.8881284939120019,0.8813229571984436
442,0.7673489914378143,0.7718550106609808
443,0.38335575393870025,0.38372093023255816
444,0.3869723728296187,0.3902439024390244
445,0.8880409279008822,0.8810916179337231
446,0.4849014101421016,0.4846029173419773
447,0.589594519335101,0.5925925925925926
448,0.7660762237318158,0.8128834355828221
449,0.8215318952177076,0.8309278350515464
450,0.7928613365551197,0.8608349900596421
451,0.6957428279631794,0.7018072289156626
452,0.6585546859681244,0.6843373493975904
453,0.46655481931668,0.4723618090452261
454,0.837394902277382,0.8466666666666667
455,0.8636016926873483,0.8719937936384794
456,0.37875765252841936,0.3829787234042553
457,0.7104455421167937,0.7164461247637051
458,0.5880718774478998,0.5882352941176471
459,0.6693320510790912,0.6865671641791045
460,0.6790005628782902,0.680379746835443
461,0.7557886673828603,0.7543859649122807
462,0.5747552756838675,0.572827417380661
463,0.8756809147564291,0.885576923076923
464,0.8846790388829741,0.8931297709923665
465,0.4179442958864189,0.417910447761194
466,0.8756809147564291,0.885576923076923
467,0.3291593080773324,0.328
468,0.8505361715433438,0.8544303797468354
469,0.7327844625092284,0.7370689655172413
470,0.779085917301937,0.8395926161680458
471,0.8265765888267492,0.83003300330033
472,0.2888665214025256,0.2903225806451613
473,0.8751941583732306,0.8831081081081081
474,0.879577326720773,0.8893591293833132
475,0.8856022709950566,0.8949801849405549
476,0.8874575236358909,0.8974358974358975
477,0.6732257043976339,0.7065217391304348
478,0.39295576673915494,0.34841628959276016
479,0.5822219556131379,0.5587044534412956
480,0.5608678202821767,0.5583892617449664
481,0.6561747716455708,0.6741573033707865
482,0.4055329622862379,0.37521222410865873
483,0.21662672174512748,0.21254355400696864
484,0.8899319621607781,0.9021406727828746
485,0.5718039771979692,0.6029411764705882
486,0.594866555980978,0.6307692307692307
487,0.6639951044777054,0.6826666666666666
488,0.5513103065876707,0.5425219941348973
489,0.8531895134401768,0.8578431372549019
490,0.341387666154134,0.3404255319148936
491,0.7081755460305461,0.703125
492,0.7818187495164934,0.7847222222222222
493,0.7657277367480766,0.7621621621621621
494,0.6794397421122103,0.6416184971098265
495,0.7527768358027478,0.7468354430379747
496,0.6068410108851982,0.6068376068376068
497,0.2629735298817619,0.261455525606469
498,0.6043138717398846,0.5945054945054945
499,0.875746183040625,0.8836583725622058
500,0.8648560252186728,0.8731744811683321
501,0.8545598075246102,0.859375
502,0.8821661116575771,0.8995327102803738
503,0.7242653620272388,0.7126436781609196
504,0.5964004506026476,0.5929203539823009
505,0.7786749654806208,0.8382441371016236
506,0.8665372416894507,0.8727366787377134
507,0.8531895134401768,0.8578431372549019
508,0.7738042952602925,0.8163265306122449
509,0.6691628086708212,0.6855345911949685
510,0.4304907012130232,0.43646408839779005
511,0.4361819575477468,0.4146919431279621
512,0.6330473471410972,0.6439393939393939
513,0.6359118101698118,0.63
514,0.655365099439339,0.6731843575418994
515,0.404364307005422,0.3739424703891709
516,0.568318532254124,0.5740740740740741
517,0.7790688316704394,0.7802197802197802
518,0.6497833320491283,0.6525063721325404
519,0.8031105779886365,0.8117647058823529
520,0.7539204196740092,0.7484276729559748
521,0.6062499330955428,0.611358574610245
522,0.8542643584515107,0.9013452914798207
523,0.6216023145586955,0.6338582677165354
524,0.8059682062802866,0.8179245283018868
525,0.8039713129785167,0.8160152526215443
526,0.7175592575902879,0.713527851458886
527,0.6677626895210735,0.675
528,0.73016500227739,0.7345132743362832
529,0.5889961457202916,0.5892351274787535
530,0.5880718774478998,0.5882352941176471
531,0.543676124737738,0.50814332247557
532,0.644940317757157,0.6314102564102564
533,0.5554277593500432,0.5879396984924623
534,0.8241385493145013,0.8660362490149724
535,0.6978289847797511,0.6950757575757576
536,0.8665926231048225,0.8746268656716418
537,0.8801287095237819,0.8905038759689923
538,0.8791344068853152,0.8889559444779722
539,0.4989480361160599,0.4798206278026906
540,0.6392141189561873,0.6419213973799127
541,0.7660762237318158,0.8128834355828221
542,0.7667571952179855,0.7760532150776053
543,0.7271960501226375,0.7322580645161291
544,0.5045553729926368,0.49193548387096775
545,0.7203370373301492,0.7225274725274725
546,0.4992605653550488,0.5096153846153846
547,0.45645025190310784,0.4228187919463087
548,0.8060356126004492,0.8938869665513264
549,0.8711553215251377,0.8888888888888888
550,0.4693621636495069,0.45934959349593496
551,0.611978155858668,0.6150081566068516
552,0.5534809519320231,0.5766871165644172
553,0.794385417080532,0.8060671722643553
554,0.8996583154987626,0.9399796541200407
555,0.7941054986893423,0.8053830227743272
556,0.8276563212208727,0.8400702987697716
557,0.9385009935839916,0.9371305749596991
558,0.5193891445371522,0.5172413793103449
559,0.7915556168155629,0.8612244897959184
560,0.6200869330606965,0.6349480968858131
561,0.8298563934044113,0.8724109362054681
562,0.5884443022222696,0.5896440129449838
563,0.4814798175544476,0.48117839607201307
564,0.5740544058330006,0.5646687697160884
565,0.5192886610787053,0.5080906148867314
566,0.6162690313598757,0.6228571428571429
567,0.6118350298818812,0.6184971098265896
568,0.6088715162827364,0.6122448979591837
569,0.2818106880497589,0.25675675675675674
570,0.5579172455736358,0.5554272517321016
571,0.8566084541072116,0.8659420289855072
572,0.3212973745563681,0.32061068702290074
573,0.47844308235012656,0.4601449275362319
574,0.5673289023656823,0.5751445086705202
575,0.7930552435447272,0.8813376483279396
576,0.7237923560497904,0.7293103448275862
577,0.5686703337988319,0.5606936416184971
578,0.6998594396955525,0.6937669376693767
579,0.5257713326265064,0.5194174757281553
580,0.5791497438455707,0.578538102643857
581,0.508210483930316,0.505730659025788
582,0.6679054724611303,0.6480446927374302
583,0.7040390294116166,0.698876404494382
584,0.5362032417685471,0.49416342412451364
585,0.6399146222165983,0.6428571428571429
586,0.5105781374055705,0.5159817351598174
587,0.5732828405790903,0.5714285714285714
588,0.8697264972578982,0.875453446191052
589,0.8891087104924661,0.8988833746898263
590,0.6398217356528945,0.6488095238095238
591,0.39385883298030555,0.35443037974683544
592,0.4593858183268996,0.4518201284796574
593,0.38786582162334193,0.38823529411764707
594,0.5834890315976035,0.597457627118644
595,0.738820812252791,0.7574468085106383
596,0.6472630954015236,0.6647286821705426
597,0.5720450394096634,0.5699481865284974
598,0.570740346769992,0.5683003128258602
599,0.7947762843466989,0.8284023668639053
600,0.6355409308610752,0.6341463414634146
601,0.654623963782809,0.6692708333333334
602,0.7696335982354208,0.8149210903873745
603,0.6565081082347962,0.6661367249602543
604,0.6976395714829536,0.7041420118343196
605,0.5520737285205201,0.5632911392405063
606,0.7928888424534849,0.8045851528384279
607,0.6809467405893068,0.6850220264317181
608,0.5900094676430963,0.5905567300916138
609,0.8565226800073038,0.9026455026455027
610,0.849965396215538,0.8992718446601942
611,0.5771052917985051,0.5653923541247485
612,0.8822701610952404,0.889811320754717
613,0.8719459220062312,0.8763183125599233
614,0.8402396918255624,0.8443843031123139
615,0.5481201560908995,0.5386904761904762
616,0.5329577295955101,0.5047169811320755
617,0.6083251169508851,0.6060606060606061
618,0.8493098994413361,0.9
619,0.5723752044815263,0.570528967254408
620,0.7958239070987657,0.8829113924050633
621,0.8671462220245489,0.8718209562563581
622,0.392754933826678,0.39325842696629215
623,0.4810620116096476,0.5
624,0.4984739353959501,0.5180722891566265
625,0.4917415442229816,0.5109649122807017
626,0.7412081545023648,0.7405660377358491
627,0.7452157418873557,0.7883472057074911
628,0.544862412981284,0.5176991150442478
629,0.5775300801959511,0.5658291457286432
630,0.5746250731808394,0.5833333333333334
631,0.8284633563081336,0.8304552590266876
632,0.4321219825340552,0.42813455657492355
633,0.27271220173759037,0.2537313432835821
634,0.3628942940244503,0.36419753086419754
635,0.5502634764749054,0.5485232067510548
636,0.7958614351265284,0.8827258320126783
637,0.7659046108485807,0.780952380952381
638,0.6697146958492064,0.7280701754385965
639,0.7381056060779491,0.7639751552795031
640,0.6643601771708009,0.6790393013100436
641,0.544862412981284,0.5176991150442478
642,0.8553519063883394,0.8642495784148398
643,0.5775300801959511,0.5658291457286432
644,0.8590096415797277,0.867587327376117
645,0.5368393292201277,0.5522388059701493
646,0.5398393095585557,0.5402298850574713
647,0.6690715332795953,0.6563706563706564
648,0.3168431344139707,0.30303030303030304
649,0.5871184659804788,0.5880026367831246
650,0.5516474460226178,0.5363128491620112
651,0.8499827812559426,0.8537074148296593
652,0.8523265222896754,0.8620071684587813
653,0.8545598075246102,0.859375
654,0.5897105770662638,0.5909677419354838
655,0.7934655126096117,0.8263888888888888
656,0.6083634858899466,0.6120527306967984
657,0.5991073370420373,0.5881081081081081
658,0.511016729623382,0.489010989010989
659,0.8785749397856334,0.8958333333333334
660,0.5197288056665658,0.49097472924187724
661,0.7561518005850276,0.7636022514071295
662,0.7963128718497425,0.8166666666666667
663,0.7154536682575693,0.717391304347826
664,0.4347238238723427,0.4261904761904762
665,0.5018340492034746,0.4824561403508772
666,0.648142664124601,0.6469002695417789
667,0.5579172455736358,0.5554272517321016
668,0.8714119075890694,0.8883792048929664
669,0.7834934170182628,0.8048780487804879
670,0.5812521115376428,0.5696846388606307
671,0.8672029994520565,0.8733459357277883
672,0.4077362190096929,0.4148936170212766
673,0.7160879512607309,0.7181818181818181
674,0.6555323796322913,0.6308900523560209
675,0.5312086364572864,0.5176151761517616
676,0.7855730965495294,0.8335664335664336
677,0.8720095396471215,0.8907563025210085
678,0.3862739069485005,0.3466135458167331
679,0.4594490743402721,0.46774193548387094
680,0.577103029025467,0.5826086956521739
681,0.7705628270486652,0.7709163346613546
682,0.8713931631647927,0.8887515451174289
683,0.3053034921262888,0.3076923076923077
684,0.5827148910074157,0.5711361310133061
685,0.8833586972542399,0.890881913303438
686,0.8732659579137305,0.8904639175257731
687,0.7162023660890923,0.7323943661971831
688,0.6051448586333198,0.6105032822757112
689,0.5610987207163326,0.5269121813031161
690,0.7696479528036878,0.7676056338028169
691,0.8694601252691877,0.8791002811621368
692,0.6931590561849363,0.6804511278195489
693,0.6086488945176273,0.6157635467980296
694,0.676334607995767,0.6824644549763034
695,0.6540197683267303,0.6492146596858639
696,0.42440127730146426,0.4158415841584158
697,0.29156161156482846,0.29292929292929293
698,0.7619193297050164,0.7580246913580246
699,0.8571270341714541,0.9030558482613277
700,0.544862412981284,0.5176991150442478
701,0.5715323233791646,0.5602766798418972
702,0.8661139629545586,0.8711340206185567
703,0.5598767529975881,0.5897435897435898
704,0.5881113410084308,0.5893687707641196
705,0.8422104530568244,0.8431372549019608
706,0.37157119949864925,0.36980306345733044
707,0.6609656642878246,0.6706067769897557
708,0.6661121998818201,0.6808510638297872
709,0.6181828764799621,0.6307277628032345
710,0.6150683568967815,0.625
711,0.5135310193026708,0.5337078651685393
712,0.6296340937404733,0.6450617283950617
713,0.6111180757938514,0.5895522388059702
714,0.8875174138061935,0.8975175047740293
715,0.8545598075246102,0.859375
716,0.6341059196311181,0.6447688564476886
717,0.3694208772319177,0.3686200378071834
718,0.8833263163114599,0.8904564315352697
719,0.3443894436669784,0.3430232558139535
720,0.8273529026091994,0.8397887323943662
721,0.8661061139541791,0.8719892952720785
722,0.3907321314875262,0.3870967741935484
723,0.6113975449981107,0.6020066889632107
724,0.8689742298009873,0.8754246885617214
725,0.420504422781051,0.4298245614035088
726,0.5651759068709619,0.5628140703517588
727,0.6606999164286025,0.6703866082104424
728,0.5045553729926368,0.49193548387096775
729,0.6672742252521552,0.6777777777777778
730,0.6766855804117021,0.6932367149758454
731,0.6443596959161332,0.6619718309859155
732,0.6486619131728113,0.6607538802660754
733,0.6137306309009039,0.6052631578947368
734,0.8703475608094857,0.8803418803418803
735,0.8805102909813971,0.8879736408566722
736,0.3584687704778477,0.3597560975609756
737,0.3438261125483105,0.34285714285714286
738,0.8921162049595508,0.9047131147540983
739,0.8765589965506533,0.8862815884476535
740,0.34105490386871823,0.3401360544217687
741,0.5430824086510257,0.5158371040723982
742,0.5920094817015833,0.5806111696522656
743,0.8757400116521934,0.8928571428571429
744,0.5894225774120315,0.5780104712041885
745,0.837394902277382,0.8466666666666667
746,0.697812160136502,0.6937984496124031
747,0.8279220827519392,0.8309409888357256
748,0.7290351591374364,0.7333333333333333
749,0.2326634961753709,0.22875816993464052
750,0.8671462220245489,0.8718209562563581
751,0.6374205339975594,0.6448275862068965
752,0.3319269164091852,0.3333333333333333
753,0.28956309927408125,0.29411764705882354
754,0.5939394454522265,0.5823591923485654
755,0.869876924847177,0.8755186721991701
756,0.8820455395777133,0.8888888888888888
757,0.6252026796549014,0.6351706036745407
758,0.355322767073442,0.35359116022099446
759,0.6539738972835952,0.6683046683046683
760,0.7760990696328968,0.7782705099778271
761,0.4434871072684175,0.4574976122254059
762,0.5539245843174687,0.5833333333333334
763,0.3362430828379706,0.34782608695652173
764,0.46734286691140414,0.47277227722772275
765,0.8665372416894507,0.8727366787377134
766,0.868884304748692,0.874845869297164
767,0.8646485791533819,0.8729792147806005
768,0.8556786493273314,0.8655234657039711
769,0.5539603222113393,0.5515587529976019
770,0.6714241604140119,0.6587301587301587
771,0.5805239422505984,0.556910569105691
772,0.5697643248872705,0.582089552238806
773,0.5154618770024104,0.5121555915721232
774,0.5495685942925144,0.5700483091787439
775,0.7941054986893423,0.8053830227743272
776,0.4541132992420476,0.4692737430167598
777,0.8651663138794045,0.8734662576687117
778,0.5329826169527345,0.5549738219895288
779,0.7042609848323743,0.6984924623115578
780,0.7740741852478188,0.7734375
781,0.6825759035649882,0.6567164179104478
782,0.6928080636757373,0.7247557003257329
783,0.7929753827974415,0.8044496487119438
784,0.8282138637141416,0.8407079646017699
785,0.7769816922388586,0.7793764988009593
786,0.8683622913027667,0.8782527881040892
787,0.39339782316003447,0.3956043956043956
788,0.495552108080614,0.5053003533568905
789,0.4741565517834148,0.48535564853556484
790,0.5809763824420026,0.580370942812983
791,0.5310768630063857,0.5529411764705883
792,0.8780117075838296,0.8833922261484098
793,0.6397115693084899,0.6297619047619047
794,0.3490222505088958,0.3465909090909091
795,0.3342339092107322,0.3333333333333333
796,0.3044836429916021,0.28975265017667845
797,0.7483884412833715,0.7449856733524355
798,0.8788818745961388,0.8849171752397559
799,0.7464075716925149,0.7870967741935484
800,0.8500622317509899,0.8539682539682539
801,0.6657545174083433,0.6774193548387096
802,0.7984862625157451,0.8
803,0.32908625502724903,0.3286384976525822
804,0.485057403069114,0.46923076923076923
805,0.5660780117406464,0.5739130434782609
806,0.8273524682419453,0.8298887122416534
807,0.5519080898384121,0.578125
808,0.6061961131421054,0.6333333333333333
809,0.5721239320330583,0.570273003033367
810,0.8537668027347505,0.8997020854021847
811,0.5175768250318893,0.5136518771331058
812,0.8035844667036914,0.8154875717017208
813,0.6595524792739723,0.6690376569037657
814,0.7986218941761264,0.8101367658889783
815,0.7226044708216369,0.72782874617737
816,0.6645230180644881,0.6767857142857143
817,0.8128796044735316,0.8258642765685019
818,0.629363642925421,0.6377358490566037
819,0.5538670091876055,0.5395095367847411
820,0.4058299684697109,0.4057971014492754
821,0.8494872637140934,0.8983451536643026
822,0.9392157542518663,0.9378407851690295
823,0.7517302055229184,0.7594254937163375
824,0.6036099604836641,0.6022304832713755
825,0.5953683279827153,0.603448275862069
826,0.8733760938658953,0.878139534883721
827,0.8808240680110426,0.8984615384615384
828,0.6267224433924685,0.6328125
829,0.6602640879616587,0.6729166666666667
830,0.47333911181262667,0.4725085910652921
831,0.7003738434057662,0.7235023041474654
832,0.7036259091507233,0.7022900763358778
833,0.5812521115376428,0.5696846388606307
834,0.6205876927228028,0.616173808086904
835,0.7745519227206608,0.775047258979206
836,0.8807030084498594,0.8881578947368421
837,0.7921684313432479,0.8035516093229744
838,0.8449284380354015,0.847457627118644
839,0.7746155619034926,0.7831050228310502
840,0.723026485125873,0.7293577981651376
841,0.674674397238935,0.6910377358490566
842,0.5784747496822232,0.5864661654135338
843,0.5743572963151639,0.5675675675675675
844,0.38786582162334193,0.38823529411764707
845,0.6781823873513353,0.6783625730994152
846,0.4368102297388131,0.44910714285714287
847,0.5683475053921956,0.5681818181818182
848,0.48454932451405686,0.5068119891008175
849,0.5989617360724148,0.6030013642564802
850,0.6579566383949746,0.6666666666666666
851,0.8690157389265172,0.8747720364741641
852,0.8653170972503629,0.8751156336725254
853,0.8496377722575535,0.8542713567839196
854,0.3148375618398765,0.32
855,0.8208647577603632,0.8326848249027238
856,0.5799728685639686,0.5783018867924529
857,0.5352232386410924,0.5335051546391752
858,0.6547155997410078,0.6387096774193548
859,0.8329882848098504,0.8330522765598651
860,0.4532480691353368,0.46122448979591835
861,0.3443894436669784,0.3430232558139535
862,0.6766855804117021,0.6932367149758454
863,0.679428703197307,0.6840148698884758
864,0.7165853569508768,0.7298245614035088
865,0.451590193388347,0.47368421052631576
866,0.6219253747927728,0.6590909090909091
867,0.6513402843526584,0.6576819407008087
868,0.32152462608765936,0.32710280373831774
869,0.38206604281216133,0.3354564755838641
870,0.5503536495074524,0.5255474452554745
871,0.6547155997410078,0.6387096774193548
872,0.4043446396554363,0.41040462427745666
873,0.4055329622862379,0.37521222410865873
874,0.7717830279413888,0.7697674418604651
875,0.5783820069016863,0.5692729766803841
876,0.8268009026388669,0.8401697312588402
877,0.6290693752305515,0.6407766990291263
878,0.763356545214156,0.7940594059405941
879,0.5337199296672548,0.5117241379310344
880,0.8187872116337876,0.824773413897281
881,0.8332552868739879,0.8763250883392226
882,0.6639811860032484,0.6153846153846154
883,0.6703636585992883,0.6697459584295612
884,0.7624800522734424,0.7608695652173914
885,0.6583000156035748,0.6861313868613139
886,0.3921800311748891,0.35251798561151076
887,0.6705618008292912,0.6865979381443299
888,0.3798447706575145,0.3448940269749518
889,0.8736981557192943,0.8916666666666667
890,0.776719102417565,0.7800925925925926
891,0.7921972880271579,0.8806282722513089
892,0.8325326830275053,0.8324958123953099
893,0.8302221552302745,0.83
894,0.40149659817628885,0.40860215053763443
895,0.6766070328875942,0.6683673469387755
896,0.6776474347597103,0.6766467065868264
897,0.7227736681240499,0.7282051282051282
898,0.5791497438455707,0.578538102643857
899,0.4430977419217188,0.4144927536231884
900,0.2857935283128117,0.2872340425531915
901,0.5708606762632613,0.5605095541401274
902,0.42675115634995725,0.41968911917098445
903,0.5356743085705815,0.55
904,0.788654762945232,0.7878787878787878
905,0.538189322657649,0.5289855072463768
906,0.7660762237318158,0.8128834355828221
907,0.28778455401151526,0.29213483146067415
908,0.5984017971879219,0.5896551724137931
909,0.5105781374055705,0.5159817351598174
910,0.7106985136235027,0.7117117117117117
911,0.6260140717877875,0.6254295532646048
912,0.29944882299417325,0.28225806451612906
913,0.3507186978506697,0.34831460674157305
914,0.6432776682003485,0.6483516483516484
915,0.8682384862716551,0.8761904761904762
916,0.8036835021391989,0.8146911519198664
917,0.8478415345099548,0.8993377483443709
918,0.6273082572078651,0.6070175438596491
919,0.5400692554079567,0.5352941176470588
920,0.3738834088381919,0.37542087542087543
921,0.6008704516944539,0.6151315789473685
922,0.6760696023740802,0.6866666666666666
923,0.6677239070896547,0.6625514403292181
924,0.6469539233461704,0.6511936339522546
925,0.6631327605770083,0.6795343137254902
926,0.9407169725505586,0.9400665926748057
927,0.6810919405371726,0.6863636363636364
928,0.5790204496067201,0.5871212121212122
929,0.8400506276719762,0.8438818565400844
930,0.7779538289493187,0.7816492450638792
931,0.6487268130390466,0.6537396121883656
932,0.6693439494740986,0.7234848484848485
933,0.8824932401930544,0.8898573692551506
934,0.32533471349251386,0.321875
935,0.8494872637140934,0.8983451536643026
936,0.8650331131628476,0.8700623700623701
937,0.8850740047261517,0.9022222222222223
938,0.39504137702014064,0.40217391304347827
939,0.6740274502993049,0.6660746003552398
940,0.7930486184815775,0.8044444444444444
941,0.8870500612331019,0.8969465648854962
942,0.8796476702522464,0.8869778869778869
943,0.47422860922341903,0.48756218905472637
944,0.5001553588144919,0.4970588235294118
945,0.4077362190096929,0.4148936170212766
946,0.6771024325879561,0.6440677966101694
947,0.8333686668233279,0.8763157894736842
948,0.5313608138053754,0.5273264401772526
949,0.4043446396554363,0.41040462427745666
950,0.4035077640206367,0.3730834752981261
951,0.7106457202149971,0.7146341463414634
952,0.5448052927844713,0.5231958762886598
953,0.7197082691599713,0.7246653919694073
954,0.6725458222331175,0.678743961352657
955,0.5681892247433197,0.5611111111111111
956,0.7622105498675326,0.7628865979381443
957,0.6904537883391724,0.6952965235173824
958,0.6640661601607996,0.6759259259259259
959,0.7724887742542053,0.8183613030602171
960,0.6808247624128784,0.6710526315789473
961,0.7248694788900386,0.7299813780260708
962,0.783520413870438,0.8457300275482094
963,0.6336838399237155,0.6311475409836066
964,0.6078517980440589,0.6099518459069021
965,0.380138918228103,0.3333333333333333
966,0.624453376537118,0.6437994722955145
967,0.5135424840974038,0.5095320623916811
968,0.6765200853257449,0.6836158192090396
969,0.671797606168525,0.6781609195402298
970,0.6011914683134092,0.5972222222222222
971,0.5487341849715273,0.5789473684210527
972,0.6031777294407189,0.6145552560646901
973,0.4179442958864189,0.417910447761194
974,0.7420007779796883,0.7285318559556787
975,0.8678186672814681,0.8739076154806492
976,0.8537157875836613,0.8635547576301615
977,0.8566084541072116,0.8659420289855072
978,0.4810620116096476,0.5
979,0.6862290854593455,0.674074074074074
980,0.7168759861026738,0.7148148148148148
981,0.43612856135347944,0.4487410071942446
982,0.44417446063059823,0.4578313253012048
983,0.4619073984760257,0.46083788706739526
984,0.6973386892285096,0.7203791469194313
985,0.6725093817975879,0.6834532374100719
986,0.3053034921262888,0.3076923076923077
987,0.4597929545530805,0.45871559633027525
988,0.7928446789667734,0.8233766233766234
989,0.794423967808696,0.8232931726907631
990,0.5538985658687484,0.548926014319809
991,0.7657277367480766,0.7621621621621621
992,0.41149637499669206,0.40852130325814534
993,0.6813902766319444,0.7115384615384616
994,0.7737164301226579,0.7714932126696833
995,0.6833047313979325,0.6823529411764706
996,0.6004852447486219,0.5773809523809523
997,0.355322767073442,0.35359116022099446
998,0.6107353317968123,0.6302521008403361
999,0.7237923560497904,0.7293103448275862
1000,0.783125488568637,0.786046511627907
1001,0.2855270594325583,0.2641509433962264
1002,0.8509579661968144,0.8962892483349191
1003,0.5880981458906795,0.58584686774942
1004,0.8839773684317181,0.8912721893491125
1005,0.2857935283128117,0.2872340425531915
1006,0.6386349649009792,0.6555555555555556
1007,0.8069071699573913,0.8156028368794326
1008,0.7197082691599713,0.7246653919694073
1009,0.3843637850807699,0.371900826446281
1010,0.5718039771979692,0.6029411764705882
1011,0.8814827238482614,0.898360655737705
1012,0.8640808197279052,0.8685651697699891
1013,0.8068634010736356,0.839851024208566
1014,0.7242653620272388,0.7126436781609196
1015,0.5903655467696373,0.5943396226415094
1016,0.7696335982354208,0.8149210903873745
1017,0.7281798276125057,0.7156862745098039
1018,0.6334008310296211,0.6434426229508197
1019,0.8881872416973505,0.899402390438247
1020,0.8689926917593622,0.8749233599019006
1021,0.8724421988327151,0.8901515151515151
1022,0.832201860251552,0.8345588235294118
1023,0.5648450464439428,0.5555555555555556
1024,0.5278277201762906,0.5289855072463768
1025,0.7170810261035535,0.7104247104247104
1026,0.7748857667716282,0.7754716981132076
1027,0.33664946856679034,0.3363431151241535
1028,0.795909796646126,0.8275862068965517
1029,0.8497068591369594,0.8944911297852475
1030,0.39321305648882393,0.35409457900807384
1031,0.8851567993427588,0.8945963975983989
1032,0.7940465328859183,0.7931034482758621
1033,0.8765589965506533,0.8862815884476535
1034,0.8807030084498594,0.8881578947368421
1035,0.6446904355994882,0.66996699669967
1036,0.5744837113198241,0.572289156626506
1037,0.8805102909813971,0.8879736408566722
1038,0.7763587861289538,0.7805456702253856
1039,0.7699167842687896,0.7714884696016772
1040,0.7319323439104719,0.7350993377483444
1041,0.591642991664498,0.5769230769230769
1042,0.8528494640870948,0.9009216589861752
1043,0.8473506811193764,0.898936170212766
1044,0.8807030084498594,0.8881578947368421
1045,0.45049713886197795,0.4659090909090909
1046,0.7933686061980721,0.8238341968911918
1047,0.6760696023740802,0.6866666666666666
1048,0.8167779979487624,0.819672131147541
1049,0.6271651158340917,0.6440129449838188
1050,0.4896556823019308,0.46919431279620855
1051,0.8832437906244134,0.8930741190765492
1052,0.6588341164782865,0.6775956284153005
1053,0.3736324284244048,0.37206085753803597
1054,0.5451821512551451,0.5658536585365853
1055,0.538660578055756,0.5167597765363129
1056,0.6874389977050634,0.6845637583892618
1057,0.5782342385185407,0.5665322580645161
1058,0.5816059644388092,0.5916030534351145
1059,0.5584271449443697,0.5559400230680508
1060,0.6569024752251306,0.6863979848866498
1061,0.8833122265343692,0.900497512437811
1062,0.4080664437073301,0.4084507042253521
1063,0.6516497236663078,0.6477987421383647
1064,0.494349694379369,0.5133333333333333
1065,0.5896558727876062,0.5907335907335908
1066,0.6092793282273469,0.6086956521739131
1067,0.36721322506459547,0.36792452830188677
1068,0.6440098440315748,0.6517571884984026
1069,0.5979812324048907,0.5876288659793815
1070,0.8167779979487624,0.819672131147541
1071,0.5901068572912939,0.590851334180432
1072,0.41628713215267493,0.4166666666666667
1073,0.7106985136235027,0.7117117117117117
1074,0.7972275290690698,0.8089430894308943
1075,0.5834459787144766,0.6112469437652812
1076,0.6111180757938514,0.5895522388059702
1077,0.5536730605939651,0.5408970976253298
1078,0.8786235479002847,0.8887814313346228
1079,0.43629057162518214,0.44989106753812635
1080,0.8467200534902309,0.8981481481481481
1081,0.5708610420040756,0.5687022900763359
1082,0.6022802995164509,0.6424242424242425
1083,0.3724127534264577,0.36328125
1084,0.7127399304034487,0.718266253869969
1085,0.7780651629118078,0.7802197802197802
1086,0.5913163923129972,0.6027777777777777
1087,0.667625275645583,0.6827425915165601
1088,0.7948773163659245,0.806282722513089
1089,0.6443146662108633,0.6666666666666666
1090,0.5717439634423364,0.5623342175066313
1091,0.8043864967673852,0.812933025404157
1092,0.7247489485696946,0.7300319488817891
1093,0.546214298865096,0.5436654366543665
1094,0.718293024713402,0.7318718381112985
1095,0.7177653847368649,0.7311643835616438
1096,0.4036815443370662,0.4
1097,0.4638169185207455,0.4295774647887324
1098,0.6246367367939031,0.6401273885350318
1099,0.6959611378024626,0.6966292134831461
1100,0.5507226383816886,0.5583333333333333
1101,0.760738197219767,0.768762677484787
1102,0.7811806386187014,0.8270944741532977
1103,0.6482434299893984,0.66600790513834
1104,0.538660578055756,0.5167597765363129
1105,0.8006433370291779,0.8116776315789473
1106,0.6846413998651715,0.6912751677852349
1107,0.6753506625900338,0.6672297297297297
1108,0.6731516164561717,0.6804878048780488
1109,0.7970487409515755,0.8854700854700854
1110,0.5809763824420026,0.580370942812983
1111,0.5740334614779888,0.5721596724667349
1112,0.8328120468428858,0.8327759197324415
1113,0.575560280845061,0.5877192982456141
1114,0.5239620902069377,0.5172413793103449
1115,0.5021638670939439,0.4948453608247423
1116,0.45879992689600896,0.4577205882352941
1117,0.5091658977460701,0.5054151624548736
1118,0.5835937501030237,0.5717234262125903
1119,0.8730988799700402,0.890520694259012
1120,0.7397152630043827,0.7610619469026548
1121,0.8587937768239374,0.8681818181818182
1122,0.8193086418340667,0.8335535006605019
1123,0.8262057991330474,0.8385964912280702
1124,0.5243383227258911,0.5266666666666666
1125,0.583391529708593,0.5774647887323944
1126,0.5600352064501061,0.589041095890411
1127,0.47341693514781574,0.47183098591549294
1128,0.5811635777241312,0.5902061855670103
1129,0.836130841526031,0.8398835516739447
1130,0.616325728478528,0.6310904872389791
1131,0.8593514145206809,0.8679092382495948
1132,0.8558335089143587,0.865158371040724
1133,0.8742416222526054,0.8840996168582376
1134,0.6455918769089423,0.6650124069478908
1135,0.550165785662366,0.5700934579439252
1136,0.8191299892289315,0.8328530259365994
1137,0.8232254409461165,0.8351851851851851
1138,0.7770412939323308,0.7839805825242718
1139,0.6871231281701574,0.7078313253012049
1140,0.461209127785408,0.4570446735395189
1141,0.5349861535471173,0.5588235294117647
1142,0.7640992536835046,0.8135048231511254
1143,0.7320620259315157,0.7479674796747967
1144,0.8545046133724269,0.9016949152542373
1145,0.7759751772600331,0.8348030570252792
1146,0.8788818745961388,0.8849171752397559
1147,0.6543504049260993,0.6594427244582043
1148,0.6816638329827553,0.6869369369369369
1149,0.569504089291929,0.5668449197860963
1150,0.8711513249642463,0.8811787072243346
1151,0.6604147808514177,0.6675392670157068
1152,0.6266340348066599,0.6382153249272551
1153,0.3837450803723508,0.3877551020408163
1154,0.582856575454649,0.5712820512820512
1155,0.7598052625910424,0.7872340425531915
1156,0.5105781374055705,0.5159817351598174
1157,0.5652377393948961,0.5562130177514792
1158,0.5812999528030512,0.5806949806949807
1159,0.5797740465887145,0.5784232365145229
1160,0.8329447308946832,0.8751054852320675
1161,0.8000327757056203,0.8587786259541985
1162,0.5106846351704343,0.5071428571428571
1163,0.8921162049595508,0.9047131147540983
1164,0.3053034921262888,0.3076923076923077
1165,0.6632810424714144,0.6411764705882353
1166,0.8686845877713096,0.8745410036719706
1167,0.8874393205476788,0.8970873786407767
1168,0.8796476702522464,0.8869778869778869
1169,0.28778455401151526,0.29213483146067415
1170,0.6845129943023764,0.6837606837606838
1171,0.6537443669364177,0.6580310880829016
1172,0.2739428692454287,0.255
1173,0.6402027510758027,0.6305125148986889
1174,0.6438138777317407,0.6342925659472423
1175,0.832201860251552,0.8345588235294118
1176,0.7478328196768138,0.7561837455830389
1177,0.6747379928992331,0.6820388349514563
1178,0.6717219134923792,0.7290836653386454
1179,0.7996793637937406,0.8028169014084507
1180,0.8693324799955252,0.8750758035172832
1181,0.6511415577653326,0.6571428571428571
1182,0.6774357836303149,0.669220945083014
1183,0.39339782316003447,0.3956043956043956
1184,0.909530967384063,0.902676399026764
1185,0.7294679965598182,0.729957805907173
1186,0.8691743017749672,0.8749241044323012
1187,0.39224686631105743,0.39285714285714285
1188,0.7563490258117482,0.7506925207756233
1189,0.6797306187863174,0.6961722488038278
1190,0.8031425686607172,0.8147792706333973
1191,0.6209462403282178,0.6127659574468085
1192,0.6302830045415095,0.6367041198501873
1193,0.8051791565830463,0.8171641791044776
1194,0.6679199717069297,0.6819338422391857
1195,0.8285227905996627,0.841091492776886
1196,0.8660814200469592,0.884
1197,0.9407169725505586,0.9400665926748057
1198,0.6980754434285502,0.7257142857142858
1199,0.8072113657129865,0.8395522388059702
1200,0.6633026032706122,0.6363636363636364
1201,0.475176865936416,0.47330960854092524
1202,0.6810130350664286,0.686046511627907
1203,0.6677626895210735,0.675
1204,0.6460589061266528,0.6609848484848485
1205,0.6615641546118689,0.6802168021680217
1206,0.44032702205726276,0.45510455104551045
1207,0.6236043468149743,0.6278366111951589
1208,0.6242200304396748,0.627906976744186
1209,0.6956018187825781,0.6909090909090909
1210,0.6837491286072879,0.6761229314420804
1211,0.5805239422505984,0.556910569105691
1212,0.8670230931954739,0.8728902953586498
1213,0.5544893464264741,0.5862068965517241
1214,0.8510643391020764,0.8995327102803738
1215,0.6665409027093496,0.7037037037037037
1216,0.5989162285745457,0.5759493670886076
1217,0.7174781517258388,0.7307692307692307
1218,0.4000324535868082,0.4
1219,0.5524914761403072,0.581081081081081
1220,0.3466741607969075,0.3333333333333333
1221,0.8537157875836613,0.8635547576301615
1222,0.8713050305245073,0.8792134831460674
1223,0.7638292150799941,0.7719298245614035
1224,0.5768888515586181,0.5849056603773585
1225,0.46820836385157916,0.48046875
1226,0.3907321314875262,0.3870967741935484
1227,0.5187060745803744,0.5393258426966292
1228,0.5384708270536497,0.5232774674115456
1229,0.49396129654941423,0.4678260869565217
1230,0.772584961944888,0.7757644394110985
1231,0.6402691818279308,0.6397849462365591
1232,0.6022216919102851,0.6132404181184669
1233,0.6070319079469912,0.6173410404624278
1234,0.7075059731268123,0.7082066869300911
1235,0.772351793882189,0.7756482525366404
1236,0.6201505229717057,0.6022727272727273
1237,0.8357966892349316,0.8381294964028777
1238,0.3726287920168609,0.37416107382550334
1239,0.6452269705599093,0.6502732240437158
1240,0.5782342385185407,0.5665322580645161
1241,0.5544374987960607,0.5844155844155844
1242,0.8921162049595508,0.9047131147540983
1243,0.5805239422505984,0.556910569105691
1244,0.8765239256043815,0.881981981981982
1245,0.5192416275845385,0.5346534653465347
1246,0.594866555980978,0.6307692307692307
1247,0.6022216919102851,0.6132404181184669
1248,0.870282164521686,0.8782918149466192
1249,0.857507227815381,0.8662262592898431
1250,0.7840717840734712,0.8465753424657534
1251,0.8727137659684064,0.8778195488721805
1252,0.6460428204261107,0.6808510638297872
1253,0.5539245843174687,0.5833333333333334
1254,0.5740897706816309,0.556390977443609
1255,0.8848343651868532,0.8925979680696662
1256,0.2857935283128117,0.2872340425531915
1257,0.6513402843526584,0.6576819407008087
1258,0.5791261722670136,0.5718954248366013
1259,0.624453376537118,0.6437994722955145
1260,0.623015154683852,0.6371681415929203
1261,0.7179010114351351,0.7062634989200864
1262,0.854405540197159,0.8560606060606061
1263,0.5436763455384837,0.5551948051948052
1264,0.35278430967961594,0.3532934131736527
1265,0.47410214981852533,0.48695652173913045
1266,0.6964417199991487,0.6895604395604396
1267,0.44231965012118085,0.4563758389261745
1268,0.47256104233543017,0.4717314487632509
1269,0.511003371968136,0.4943310657596372
1270,0.5355075638144562,0.5172413793103449
1271,0.6106408552201293,0.6164383561643836
1272,0.486478398270656,0.47104247104247104
1273,0.7826968895181389,0.8444130127298444
1274,0.7790279748341274,0.8410740203193033
1275,0.8883554393415178,0.8981886321049344
1276,0.795310928476706,0.826302729528536
1277,0.6308700160622547,0.6394052044609665
1278,0.8859939449671707,0.897131552917903
1279,0.8060259564510089,0.8940774487471527
1280,0.804010562688555,0.815
1281,0.7921684313432479,0.8035516093229744
1282,0.8208647577603632,0.8326848249027238
1283,0.6331565064130419,0.6274509803921569
1284,0.5105781374055705,0.5159817351598174
1285,0.49211076612653176,0.4875717017208413
1286,0.882102232537036,0.8894044856921887
1287,0.8061704235695267,0.8192019950124688
1288,0.8499066915127239,0.8943466172381835
1289,0.8798481643531109,0.8871753246753247
1290,0.532111088418506,0.5652173913043478
1291,0.6796981107762574,0.6907020872865275
1292,0.7974333481762406,0.8091370558375635
1293,0.5800838049299137,0.572347266881029
1294,0.44154667370739503,0.43897216274089934
1295,0.8558126505670101,0.9020234291799787
1296,0.5873520016224588,0.5947867298578199
1297,0.30959349728800745,0.29553264604810997
1298,0.8338087924351386,0.8338926174496645
1299,0.7719504134712927,0.7703016241299304
1300,0.5775300801959511,0.5658291457286432
1301,0.6905955450215212,0.6912442396313364
1302,0.8012803582171796,0.812984496124031
1303,0.39359033430871393,0.35406698564593303
1304,0.8750863093886871,0.8803652968036529
1305,0.5617263390260911,0.5915492957746479
1306,0.6012708550233355,0.6
1307,0.6940985859775138,0.7168949771689498
1308,0.5107690821719127,0.5061511423550088
1309,0.8829098018784816,0.8934506353861192
1310,0.6647746358059685,0.6795865633074936
1311,0.8530655818767731,0.8989098116947473
1312,0.3864507478969469,0.35294117647058826
1313,0.673204469408045,0.6648250460405156
1314,0.8250319651273372,0.8369384359400999
1315,0.435060856330669,0.42950108459869846
1316,0.8799374777727978,0.8873469387755102
1317,0.5162289894138546,0.5146853146853146
1318,0.5687634399694489,0.5642633228840125
1319,0.7109792608942593,0.7245222929936306
1320,0.5341166728082902,0.5253505933117584
1321,0.6588341164782865,0.6775956284153005
1322,0.5494069126462379,0.5578512396694215
1323,0.7952503507481862,0.8253164556962025
1324,0.8702362510659711,0.8748768472906404
1325,0.6599030129552891,0.6439628482972136
1326,0.5868148166406176,0.6212121212121212
1327,0.8578582689094135,0.8665028665028665
1328,0.8537157875836613,0.8635547576301615
1329,0.8641931197826165,0.8694736842105263
1330,0.7974333481762406,0.8091370558375635
1331,0.8229371585359917,0.8348623853211009
1332,0.7748513159933889,0.78125
1333,0.7752096583112422,0.7824933687002652
1334,0.6114233624537256,0.5850144092219021
1335,0.5752916313158442,0.6040955631399317
1336,0.6596452416330217,0.688212927756654
1337,0.6866848300558331,0.6888888888888889
1338,0.6695149913553495,0.6483516483516484
1339,0.8630835601783898,0.8685897435897436
1340,0.6808739912927267,0.6730769230769231
1341,0.6111180757938514,0.5895522388059702
1342,0.6606384849483711,0.6908396946564885
1343,0.8678956259993176,0.8738690792974987
1344,0.3893899236753676,0.38544474393531
1345,0.544862412981284,0.5176991150442478
1346,0.392754933826678,0.39325842696629215
1347,0.7640992536835046,0.8135048231511254
1348,0.8011673842671296,0.8127490039840638
1349,0.5781326721827209,0.5773195876288659
1350,0.5798417745299217,0.5886889460154242
1351,0.64981303412949,0.6832504145936982
1352,0.4000324535868082,0.4
1353,0.5524914761403072,0.581081081081081
1354,0.7045062044956117,0.7077625570776256
1355,0.5539603222113393,0.5515587529976019
1356,0.6196753588630496,0.632
1357,0.7925672696241659,0.8273381294964028
1358,0.7800498960787859,0.8399014778325123
1359,0.34530266920652336,0.34285714285714286
1360,0.6148712638200879,0.6170886075949367
1361,0.6641678113412638,0.6698113207547169
1362,0.8653170972503629,0.8751156336725254
1363,0.41871464622665905,0.4189189189189189
1364,0.8643410247291152,0.8772563176895307
1365,0.6604147808514177,0.6675392670157068
1366,0.586779869729797,0.5865963855421686
1367,0.7873795638293198,0.8492462311557789
1368,0.8724839447716007,0.8888888888888888
1369,0.5487341849715273,0.5789473684210527
1370,0.6488412098515135,0.6692913385826772
1371,0.5347842475832616,0.5135869565217391
1372,0.6416663294503272,0.6320191158900836
1373,0.6509056759227321,0.6904761904761905
1374,0.7508696283134401,0.7785234899328859
1375,0.8291281249166756,0.8437956204379562
1376,0.7855730965495294,0.8335664335664336
1377,0.8693495894341464,0.8755580357142857
1378,0.4036815443370662,0.4
1379,0.6218906305711602,0.6143497757847534
1380,0.4317999251036095,0.42951541850220265
1381,0.5121574531453561,0.5
1382,0.33615718790767934,0.3386243386243386
1383,0.6094597728235216,0.6158301158301158
1384,0.5420311646005885,0.5196335078534031
1385,0.6745071878893396,0.6904276985743381
1386,0.7927231376761539,0.8221649484536082
1387,0.7888072459611468,0.7864583333333334
1388,0.4019258310948979,0.4046511627906977
1389,0.48479822872468903,0.4533333333333333
1390,0.5730505850745913,0.5441176470588235
1391,0.8005535155418874,0.8117073170731708
1392,0.7386053598500978,0.7424242424242424
1393,0.5422022282235199,0.5389048991354467
1394,0.879751123764404,0.8870836718115354
1395,0.35278430967961594,0.3532934131736527
1396,0.30015668201693485,0.3048780487804878
1397,0.779460085337718,0.8415915915915916
1398,0.7120982890043381,0.7083333333333334
1399,0.7453962621881037,0.7283950617283951
1400,0.7197082691599713,0.7246653919694073
1401,0.6961394269185142,0.6889952153110048
1402,0.8045871383839075,0.8156565656565656
1403,0.6936917981923927,0.6976744186046512
1404,0.667713380887673,0.6835443037974683
1405,0.3887823054946892,0.3496143958868895
1406,0.8748904203476846,0.8921052631578947
1407,0.6022216919102851,0.6132404181184669
1408,0.8724796398995865,0.8897058823529411
1409,0.3628942940244503,0.36419753086419754
1410,0.30067275033343505,0.3020833333333333
1411,0.6671661914999092,0.6715116279069767
1412,0.781602272528573,0.7845433255269321
1413,0.3074572084462365,0.29285714285714287
1414,0.8558454147532791,0.8646616541353384
1415,0.8508493725154628,0.9004914004914005
1416,0.877716508526642,0.893223819301848
1417,0.4077362190096929,0.4148936170212766
1418,0.865053492497469,0.8704284221525601
1419,0.39339782316003447,0.3956043956043956
1420,0.812639717075986,0.8256410256410256
1421,0.5843217251702724,0.572463768115942
1422,0.8683990029917252,0.8743811881188119
1423,0.6124541896307284,0.6262135922330098
1424,0.6091617501676626,0.5968992248062015
1425,0.632856933440074,0.6479289940828402
1426,0.8882250271976886,0.9281138790035587
1427,0.37408601957254656,0.36056338028169016
1428,0.8648973592123608,0.871244635193133
1429,0.8670877496791202,0.8729166666666667
1430,0.7412258973886395,0.7297297297297297
1431,0.7372207788229515,0.7231638418079096
1432,0.4077362190096929,0.4148936170212766
1433,0.4948454831024122,0.4694589877835951
1434,0.79325416747827,0.8047337278106509
1435,0.8449284380354015,0.847457627118644
1436,0.774246414570638,0.7824074074074074
1437,0.7787537531663878,0.7864864864864864
1438,0.7278264927810078,0.7321428571428571
1439,0.6888840871300536,0.6920415224913494
1440,0.5847726313884536,0.5932203389830508
1441,0.675704936886583,0.6666666666666666
1442,0.6320268537357034,0.6444444444444445
1443,0.4055329622862379,0.37521222410865873
1444,0.631923746633501,0.6419753086419753
1445,0.36066796538868534,0.3619631901840491
1446,0.5403328400074764,0.5586854460093896
1447,0.5083331108784114,0.5137614678899083
1448,0.5463970195195739,0.5424164524421594
1449,0.5440910531560587,0.5403225806451613
1450,0.6693439494740986,0.7234848484848485
1451,0.8289845340118391,0.8426323319027181
1452,0.6003680949665964,0.604994324631101
1453,0.7104900090467071,0.7236421725239617
1454,0.7179442221334441,0.7312186978297162
1455,0.45150775940231497,0.4166666666666667
1456,0.6673217412526113,0.6746411483253588
1457,0.5782342385185407,0.5665322580645161
1458,0.6715358112085745,0.664796633941094
1459,0.6155100308474108,0.6192307692307693
1460,0.6555665868820023,0.6709183673469388
1461,0.6645111769909336,0.655831739961759
1462,0.6627265216299177,0.6743362831858407
1463,0.89260822550958,0.9327586206896552
1464,0.5062482305874344,0.4897119341563786
1465,0.764301276489133,0.8162251655629139
1466,0.6388596973563264,0.6440677966101694
1467,0.8181283980514513,0.8318840579710145
1468,0.7050828011285587,0.7076923076923077
1469,0.5415802165429385,0.5596330275229358
1470,0.8881872416973505,0.899402390438247
1471,0.604779128413126,0.576036866359447
1472,0.8776064377450338,0.8873493975903615
1473,0.6639856479717833,0.6736842105263158
1474,0.6846413998651715,0.6912751677852349
1475,0.49396129654941423,0.4678260869565217
1476,0.5740544058330006,0.5646687697160884
1477,0.660044770145058,0.6451612903225806
1478,0.2971766515329903,0.28
1479,0.7362588376336255,0.7779204107830552
1480,0.5094741980467067,0.5219123505976095
1481,0.6151442323150307,0.61875
1482,0.9137185969448295,0.9060913705583756
1483,0.6407593291105741,0.6582633053221288
1484,0.7873389292419827,0.875
1485,0.5498444470550671,0.532058492688414
1486,0.5379342794322408,0.5154362416107383
1487,0.791527102296005,0.8015873015873016
1488,0.8532109738031306,0.899009900990099
1489,0.5883254730557905,0.5862068965517241
1490,0.4058299684697109,0.4057971014492754
1491,0.5297103260779988,0.5454545454545454
1492,0.5125312288097916,0.5
1493,0.7941054986893423,0.8053830227743272
1494,0.7878800266505284,0.7876712328767124
1495,0.7774732575139855,0.8364817001180638
1496,0.5883341646730965,0.5892740353172008
1497,0.4191285299261162,0.3900481540930979
1498,0.671775932213248,0.6801801801801802
1499,0.5918188988648122,0.56957928802589
1500,0.3388648421127399,0.33793103448275863
1501,0.45709075962855744,0.45267489711934156
1502,0.8833586972542399,0.890881913303438
1503,0.46597851848626193,0.4421052631578947
1504,0.5565181485970823,0.5506329113924051
1505,0.7769256652165341,0.7748344370860927
1506,0.8622891648031599,0.8707643814026793
1507,0.8796644487662201,0.8870703764320785
1508,0.41022474887209565,0.4166666666666667
1509,0.8664110552313352,0.8725060827250608
1510,0.8807030084498594,0.8881578947368421
1511,0.5398285657122268,0.5581395348837209
1512,0.5043136412756961,0.4794069192751236
1513,0.8116635473400976,0.8208092485549133
1514,0.8609399965665472,0.8591549295774648
1515,0.6747379928992331,0.6820388349514563
1516,0.7150238942968761,0.7281021897810219
1517,0.863410581597991,0.8778625954198473
1518,0.644215236489815,0.6589595375722543
1519,0.725636336884756,0.7298701298701299
1520,0.6438807797847623,0.643312101910828
1521,0.6638812860153043,0.6755793226381461
1522,0.3901248038677159,0.39080459770114945
1523,0.5835353777083576,0.6116504854368932
1524,0.7166685605314165,0.7291666666666666
1525,0.5778253305717331,0.5862068965517241
1526,0.8742303177071217,0.8936170212765957
1527,0.32159985874578606,0.3203125
1528,0.677479662475832,0.6691729323308271
1529,0.4055329622862379,0.37521222410865873
1530,0.8694601252691877,0.8791002811621368
1531,0.6469598329065052,0.6597222222222222
1532,0.7656363418711586,0.8123076923076923
1533,0.6109261012990126,0.6263736263736264
1534,0.5807130018768492,0.589242053789731
1535,0.7786295668127593,0.8387301587301588
1536,0.8578582689094135,0.8665028665028665
1537,0.6599030129552891,0.6439628482972136
1538,0.585010593462015,0.58777633289987
1539,0.6584370621139654,0.6417445482866043
1540,0.8054864110560674,0.8090551181102362
1541,0.8132685602423315,0.8893805309734514
1542,0.6644153848121658,0.6877828054298643
1543,0.5590980717947908,0.5555555555555556
1544,0.6111180757938514,0.5895522388059702
1545,0.8823174165043832,0.8997555012224939
1546,0.3510033086320189,0.3503184713375796
1547,0.4080664437073301,0.4084507042253521
1548,0.8875575485321533,0.8974358974358975
1549,0.8891330881206448,0.8987730061349694
1550,0.6770957108639896,0.6832151300236406
1551,0.86550482640665,0.8715596330275229
1552,0.8799374777727978,0.8873469387755102
1553,0.6051169692391154,0.611214953271028
1554,0.6799699186307124,0.6415094339622641
1555,0.6103500991336824,0.5803921568627451
1556,0.6143398850449997,0.5853018372703412
1557,0.8703963994538343,0.8882758620689655
1558,0.2888665214025256,0.2903225806451613
1559,0.6982014362069637,0.685823754789272
1560,0.7234580480915866,0.7293777134587555
1561,0.5649340679208574,0.5192307692307693
1562,0.3900263230307284,0.35023584905660377
1563,0.8891330881206448,0.8987730061349694
1564,0.8640808197279052,0.8685651697699891
1565,0.6407593291105741,0.6582633053221288
1566,0.5648694839122975,0.5621301775147929
1567,0.5092761359644725,0.49238578680203043
1568,0.6292609202909565,0.6205305651672434
1569,0.8522301592012491,0.8560460652591171
1570,0.8650644112036557,0.8710428305400373
