,last_hour_avg_sentiment,last_hour_pos_tweets
0,0.4616507705504441,0.4609053497942387
1,0.5708190511152341,0.6131386861313869
2,0.3978795320385386,0.38028169014084506
3,0.6948880234928765,0.75
4,0.5784747496822232,0.5864661654135338
5,0.6347758366530108,0.6046511627906976
6,0.579229147666601,0.5223880597014925
7,0.6801675673701387,0.7083333333333334
8,0.7393301224156048,0.7474402730375427
9,0.734631182076156,0.7387387387387387
10,0.6887162667225746,0.6885245901639344
11,0.5893895128093519,0.5746268656716418
12,0.7601444336400832,0.7562189054726368
13,0.5925746345207832,0.6037735849056604
14,0.6009111392788279,0.6061320754716981
15,0.6086213509004279,0.6060606060606061
16,0.5113031991294462,0.5180722891566265
17,0.5557840160923523,0.5666666666666667
18,0.8032909981924342,0.8120104438642297
19,0.8097240591665994,0.8173913043478261
20,0.6947280573065171,0.6908517350157729
21,0.4499796388500031,0.460093896713615
22,0.6760780028432883,0.6731182795698925
23,0.6639951044777054,0.6826666666666666
24,0.5651786326537959,0.5727002967359051
25,0.2885053935652701,0.2638888888888889
26,0.9254774362386813,0.9389110225763613
27,0.655820239260933,0.6618705035971223
28,0.6473737759253098,0.6468842729970327
29,0.5631642673407862,0.5555555555555556
30,0.43598964752053093,0.4298056155507559
31,0.3331864417041029,0.33444816053511706
32,0.6219150655776686,0.6321525885558583
33,0.7543984709746367,0.7795698924731183
34,0.7879240542908822,0.7666666666666667
35,0.5096188113176746,0.5
36,0.6161230686829001,0.5875
37,0.45307738553733723,0.416
38,0.6905296943993996,0.7058823529411765
39,0.4866422140593079,0.48635634028892455
40,0.2016877009984411,0.1743119266055046
41,0.8397264353967554,0.8451612903225807
42,0.999687135219574,1.0
43,0.7661877623887966,0.774869109947644
44,0.949201607311149,0.9538461538461539
45,0.7713955905490312,0.7794117647058824
46,0.8454033218957137,0.8489932885906041
47,0.5624689652541655,0.5165562913907285
48,0.6617164225450959,0.6695652173913044
49,0.2293867876215147,0.20625
50,0.3342339092107322,0.3333333333333333
51,0.4750917751657716,0.5
52,0.5546875580018934,0.4861111111111111
53,0.6314264146583068,0.6465256797583081
54,0.8020471451279476,0.8137065637065637
55,0.6798729300699251,0.6838709677419355
56,0.4091470039147695,0.3791390728476821
57,0.595604280975903,0.5989159891598916
58,0.6760696023740802,0.6866666666666666
59,0.3907321314875262,0.3870967741935484
60,0.6611878859586037,0.6363636363636364
61,0.48716748177545943,0.4409448818897638
62,0.8088952285853037,0.8165938864628821
63,0.5340786670943988,0.46938775510204084
64,0.5822219556131379,0.5587044534412956
65,0.7111557127376033,0.7164179104477612
66,0.35645706369057045,0.36082474226804123
67,0.5507051704782765,0.5681818181818182
68,0.7443198617559262,0.75
69,0.8285227905996627,0.841091492776886
70,0.7077545289373613,0.7432835820895523
71,0.38728831937337627,0.3466299862448418
72,0.5059933134333274,0.44047619047619047
73,0.9435912359934567,0.9487179487179487
74,0.34381579356602554,0.37142857142857144
75,0.6124908029685946,0.6194690265486725
76,0.7603594937666431,0.7468354430379747
77,0.760738197219767,0.768762677484787
78,0.8381008767240454,0.8419540229885057
79,0.4948398341024819,0.46875
80,0.7312706025593101,0.7446808510638298
81,0.9427670202171519,0.9489795918367347
82,0.7960024307808762,0.7953216374269005
83,0.6292309481427755,0.6296296296296297
84,0.686648902703349,0.7368421052631579
85,0.9273707003938937,0.9282115869017632
86,0.8461641096467323,0.8439490445859873
87,0.5580870929250837,0.5652173913043478
88,0.656643516357633,0.65625
89,0.6899188659883132,0.7104477611940299
90,0.708878546243943,0.7347670250896058
91,0.7915556168155629,0.8612244897959184
92,0.8582102991106199,0.861244019138756
93,0.8786235479002847,0.8887814313346228
94,0.76343347028058,0.7605633802816901
95,0.644953673051378,0.648075412411626
96,0.6563302572954139,0.6663419386264003
97,0.6691421970301535,0.6283524904214559
98,0.7034729078842216,0.6987951807228916
99,0.7034729078842216,0.6987951807228916
100,0.6653808353789259,0.6508620689655172
101,0.6731580047563159,0.6556603773584906
102,0.6855255330854289,0.6682926829268293
103,0.6786084564480188,0.6594594594594595
104,0.6471555519043074,0.6129032258064516
105,0.3823846814451281,0.3352165725047081
106,0.6692351859294318,0.6554621848739496
107,0.642507415057349,0.6288659793814433
108,0.2983325631905116,0.28174603174603174
109,0.28341598955463,0.25738396624472576
110,0.3914298275015476,0.3952380952380952
111,0.5464167402309422,0.5461847389558233
112,0.669588301028788,0.6646341463414634
113,0.9788829464472494,0.9812206572769953
114,0.5370948281000923,0.5714285714285714
115,0.724139470662134,0.7283464566929134
116,0.45109165211503316,0.4666666666666667
117,0.6894656330269566,0.6909090909090909
118,0.580805520876421,0.6
119,0.6400134831046438,0.674468085106383
120,0.874938066251539,0.8921568627450981
121,0.4831422257534852,0.5
122,0.3490222505088958,0.3465909090909091
123,0.42350999825045943,0.4423076923076923
124,0.4374145985137715,0.46153846153846156
125,0.5027082185118843,0.5263157894736842
126,0.5117397116763251,0.5
127,0.9074418640908146,0.9212765957446809
128,0.938081670511277,0.9498997995991983
129,0.37884106330090506,0.40625
130,0.514530859352918,0.5314685314685315
131,0.6151442323150307,0.61875
132,0.7123041204868524,0.7027027027027027
133,0.7930486184815775,0.8044444444444444
134,0.5654020627862802,0.5773195876288659
135,0.8921162049595508,0.9047131147540983
136,0.8821661116575771,0.8995327102803738
137,0.37884106330090506,0.40625
138,0.46827795676915857,0.43283582089552236
139,0.4090991729698556,0.39896373056994816
140,0.8614955779260891,0.8698412698412699
141,0.3291593080773324,0.328
142,0.5246232017639194,0.56
143,0.574579491567024,0.5655172413793104
144,0.8150529673531512,0.8138528138528138
145,0.47949530927663936,0.48214285714285715
146,0.6076733815407256,0.6268656716417911
147,0.3669563547883534,0.3563218390804598
148,0.7660187168232807,0.8202443280977313
149,0.6130768979953503,0.5917602996254682
150,0.8265765888267492,0.83003300330033
151,0.6535136489029006,0.6571428571428571
152,0.6074167691272395,0.6187050359712231
153,0.6766855804117021,0.6932367149758454
154,0.7265437119914574,0.7477477477477478
155,0.8546512843049872,0.9007551240560949
156,0.8970490947827268,0.9097510373443983
157,0.7510909990009649,0.7692307692307693
158,0.8365911016583132,0.8434343434343434
159,0.6693320510790912,0.6865671641791045
160,0.29156161156482846,0.29292929292929293
161,0.9410044439261188,0.9461279461279462
162,0.35278430967961594,0.3532934131736527
163,0.6403220017259291,0.6389776357827476
164,0.8830368325427098,0.9098360655737705
165,0.5014070200715962,0.4971857410881801
166,0.4929533889396776,0.5
167,0.8889944046184458,0.9115646258503401
168,0.7241420294276082,0.7241379310344828
169,0.9324338972379289,0.9434628975265018
170,0.7557886673828603,0.7543859649122807
171,0.8979987907259409,0.9090909090909091
172,0.7057920914483407,0.6862745098039216
173,0.7634603882201226,0.7658536585365854
174,0.5380190347233638,0.5358490566037736
175,0.7884148510709197,0.7894736842105263
176,0.8396493293362121,0.8435277382645804
177,0.6841501871777211,0.6714801444043321
178,0.5473578059171395,0.5396825396825397
179,0.548549559793853,0.5144927536231884
180,0.7115298340385199,0.715
181,0.5951966061403264,0.5895522388059702
182,0.7944099545177313,0.795774647887324
183,0.7442927820464905,0.7649208282582217
184,0.6877719530128779,0.6666666666666666
185,0.6564234958835978,0.6233766233766234
186,0.3858410228415392,0.3877551020408163
187,0.6437696694034226,0.6679245283018868
188,0.5998910358444133,0.6052631578947368
189,0.7765130993694264,0.7872340425531915
190,0.6821146988991955,0.6807228915662651
191,0.5667424727329159,0.5454545454545454
192,0.8564425369385037,0.9031281533804238
193,0.6111180757938514,0.5895522388059702
194,0.2878498875490627,0.2651162790697674
195,0.45483578925592655,0.47619047619047616
196,0.5657471640424777,0.5730337078651685
197,0.8216135881954468,0.8243478260869566
198,0.5809392140219583,0.5799648506151143
199,0.692474083339389,0.7012987012987013
200,0.9403942205126025,0.9446153846153846
201,0.9398134277361194,0.945054945054945
202,0.8422170415699398,0.8466850828729282
203,0.8876885542988528,0.9186046511627907
204,0.8707830414493973,0.8778576094056172
205,0.8751941583732306,0.8831081081081081
206,0.8576257275218571,0.8662838392124692
207,0.3359932221697761,0.34782608695652173
208,0.5323281094359988,0.5567010309278351
209,0.6140116330920881,0.616580310880829
210,0.5468330973004616,0.5444444444444444
211,0.696860890472208,0.7194570135746606
212,0.3510033086320189,0.3503184713375796
213,0.4600754320668057,0.47
214,0.7574424070734618,0.7777777777777778
215,0.3359932221697761,0.34782608695652173
216,0.6437660312791845,0.6471061093247589
217,0.647759741708142,0.6510851419031719
218,0.574150573226077,0.5723014256619144
219,0.5237641632380502,0.5494505494505495
220,0.4328730605958095,0.3925925925925926
221,0.5943870924893752,0.5900383141762452
222,0.8568755777369688,0.903420523138833
223,0.895157087471384,0.9600997506234414
224,0.6117448702473574,0.6267605633802817
225,0.3907321314875262,0.3870967741935484
226,0.37884106330090506,0.40625
227,0.7977014663986172,0.7960526315789473
228,0.5871719438088225,0.5913461538461539
229,0.5355467095147299,0.5338441890166028
230,0.6759194804148708,0.6805555555555556
231,0.7028852136024918,0.7142857142857143
232,0.840527305799677,0.845222072678331
233,0.3499080871104036,0.36
234,0.652420217193319,0.6559139784946236
235,0.6985872865325087,0.6917562724014337
236,0.4740632253295668,0.47322970639032813
237,0.8681280114423733,0.8780260707635009
238,0.9357403510129888,0.9468085106382979
239,0.778060391363825,0.785024154589372
240,0.3254139886725072,0.3127035830618892
241,0.9332965945103855,0.9447852760736196
242,0.5870325816918397,0.6
243,0.6373777967809235,0.6428571428571429
244,0.431608874725285,0.45714285714285713
245,0.6549937859013187,0.6666666666666666
246,0.5522809591118241,0.5555555555555556
247,0.668590959474527,0.7028571428571428
248,0.732698685502344,0.7370892018779343
249,0.8405561621032074,0.8444130127298444
250,0.7941054986893423,0.8053830227743272
251,0.7624615946690323,0.7704590818363274
252,0.6022216919102851,0.6132404181184669
253,0.7944662392138395,0.8550087873462214
254,0.8913417231353099,0.903420523138833
255,0.890682153683694,0.902834008097166
256,0.8320521225731806,0.8359788359788359
257,0.8200966186803277,0.823170731707317
258,0.7610771922417104,0.7576687116564417
259,0.2310741719008796,0.2080536912751678
260,0.32152462608765936,0.32710280373831774
261,0.5987877742216681,0.6341463414634146
262,0.6948880234928765,0.75
263,0.4298965923069501,0.42691415313225056
264,0.7917030142640121,0.8258258258258259
265,0.8557899539828535,0.9025641025641026
266,0.8735960996714403,0.8813793103448276
267,0.5454641868696252,0.5333333333333333
268,0.660496773685045,0.7083333333333334
269,0.6103901294771559,0.6141732283464567
270,0.8862853321665078,0.912621359223301
271,0.593966064464821,0.5918367346938775
272,0.44392579271100285,0.4084507042253521
273,0.6349400941666316,0.6379310344827587
274,0.5816059644388092,0.5916030534351145
275,0.57214008870927,0.569620253164557
276,0.45483578925592655,0.47619047619047616
277,0.6941865251458296,0.6615384615384615
278,0.6561302070717789,0.6724137931034483
279,0.5488431070770367,0.5564853556485355
280,0.9448055873030212,0.9553191489361702
281,0.6111180757938514,0.5895522388059702
282,0.7942268268665749,0.7944444444444444
283,0.7464737970754516,0.7902439024390244
284,0.8318195718900127,0.8421052631578947
285,0.42420101118208536,0.4211764705882353
286,0.8970291119145573,0.889795918367347
287,0.663834726196826,0.6724137931034483
288,0.39007005152179686,0.34626865671641793
289,0.5916903505577463,0.5776173285198556
290,0.9055363181219243,0.9193205944798302
291,0.38667620340245956,0.34986945169712796
292,0.6058529701823917,0.5846994535519126
293,0.6758533644120543,0.6682926829268293
294,0.745794187186446,0.7549019607843137
295,0.6654818756830371,0.6788079470198676
296,0.7625893229033242,0.7875894988066826
297,0.7502476620063074,0.7358490566037735
298,0.6436379094840671,0.6464968152866242
299,0.8270531160923174,0.8395061728395061
300,0.752846379130844,0.7619047619047619
301,0.8936918831717837,0.9337298215802888
302,0.6952576195474047,0.6865671641791045
303,0.807054397400114,0.8146551724137931
304,0.556246422881487,0.5634674922600619
305,0.4764060084762093,0.5
306,0.46655481931668,0.4723618090452261
307,0.386512728469243,0.3825136612021858
308,0.46641703044191146,0.4584450402144772
309,0.4560622415241939,0.45454545454545453
310,0.7105908556209106,0.7073170731707317
311,0.8278956858034686,0.8400673400673401
312,0.416431525367761,0.3805309734513274
313,0.6111180757938514,0.5895522388059702
314,0.9257104849079884,0.94
315,0.3710085490539105,0.3686440677966102
316,0.8161774878323178,0.8274932614555256
317,0.7543632189556133,0.748587570621469
318,0.935939162114998,0.944954128440367
319,0.5401142480877557,0.5319148936170213
320,0.8515014984479644,0.9011406844106464
321,0.8090085262878388,0.8426966292134831
322,0.5864486704131836,0.5868544600938967
323,0.655461280466328,0.650375939849624
324,0.8357966892349316,0.8381294964028777
325,0.8173156842479831,0.8248175182481752
326,0.7215160641696037,0.7218934911242604
327,0.7316416558099749,0.7383177570093458
328,0.2930102174681844,0.2976190476190476
329,0.5211998882013849,0.547085201793722
330,0.8061704235695267,0.8192019950124688
331,0.8317601626755191,0.8444790046656299
332,0.9318468235886816,0.9320288362512873
333,0.663028523463209,0.6990595611285266
334,0.772855846045153,0.7931034482758621
335,0.6295156257543376,0.6091549295774648
336,0.45109165211503316,0.4666666666666667
337,0.5685681244667758,0.6
338,0.6477993731158201,0.6282051282051282
339,0.30067275033343505,0.3020833333333333
340,0.8072113657129865,0.8395522388059702
341,0.8303089822392695,0.8662131519274376
342,0.8366718483444688,0.8380952380952381
343,0.39130357546052913,0.3463497453310696
344,0.544862412981284,0.5176991150442478
345,0.6501128298150635,0.6849557522123894
346,0.7262827531484556,0.7307692307692307
347,0.5354231649803503,0.5459459459459459
348,0.8011673842671296,0.8127490039840638
349,0.6606774172379735,0.6793478260869565
350,0.7945235042279112,0.8306188925081434
351,0.3763885257120117,0.3761467889908257
352,0.5591702831703221,0.581081081081081
353,0.6971236682921427,0.7105263157894737
354,0.7295607701941436,0.7333333333333333
355,0.2293867876215147,0.20625
356,0.8438957982513025,0.8493827160493828
357,0.5203576695835012,0.49683544303797467
358,0.7314132884989925,0.7185185185185186
359,0.8468787242174391,0.8483754512635379
360,0.48211103218283524,0.490521327014218
361,0.38513734672637556,0.3763440860215054
362,0.5032233433736774,0.48729792147806006
363,0.739921781558138,0.7777777777777778
364,0.6676171367868193,0.616751269035533
365,0.6284969971344253,0.6
366,0.6186690027233583,0.6302521008403361
367,0.8458708120178491,0.8585858585858586
368,0.4023934459813324,0.3965014577259475
369,0.8667729864098515,0.8766233766233766
370,0.6239477101736948,0.6319612590799032
371,0.39613248084448305,0.3607843137254902
372,0.8891658533526249,0.9290220820189274
373,0.8687771704020983,0.8745432399512789
374,0.927776024975338,0.941834451901566
375,0.9351320222599094,0.9467455621301775
376,0.32159985874578606,0.3203125
377,0.42197221401220175,0.41534391534391535
378,0.689866630412505,0.6794425087108014
379,0.7887643025265483,0.7870967741935484
380,0.30950444874439015,0.3053691275167785
381,0.738297667618367,0.7410358565737052
382,0.6226838863556623,0.6333333333333333
383,0.9037537511539843,0.9177215189873418
384,0.8885967703092016,0.8958333333333334
385,0.8819650923232862,0.8995215311004785
386,0.6998024374097284,0.684931506849315
387,0.4701750198500636,0.45652173913043476
388,0.41283707862843816,0.41818181818181815
389,0.5089538659241808,0.5053763440860215
390,0.3395700255541027,0.33986928104575165
391,0.3389933037348801,0.35365853658536583
392,0.6202488012620121,0.6212121212121212
393,0.5134851552834359,0.48966613672496023
394,0.6018737960119017,0.6103896103896104
395,0.6188534079873959,0.6204379562043796
396,0.38812261428350614,0.3877551020408163
397,0.37107514534069114,0.36875
398,0.6192344300389353,0.6282051282051282
399,0.7923987827521195,0.8037694013303769
400,0.6455055586335288,0.6597014925373135
401,0.5798222619677174,0.5781544256120528
402,0.5721695068483926,0.5135135135135135
403,0.6683218382840032,0.7083333333333334
404,0.4043446396554363,0.41040462427745666
405,0.2885053935652701,0.2638888888888889
406,0.9377581013417597,0.9495967741935484
407,0.5940006741729431,0.6346153846153846
408,0.6128850099302118,0.6240601503759399
409,0.8208647577603632,0.8326848249027238
410,0.6285250716547731,0.5208333333333334
411,0.868563883444379,0.8783910196445276
412,0.813032105098405,0.8204081632653061
413,0.6135148551334075,0.6156299840510366
414,0.6140116330920881,0.616580310880829
415,0.7888012824292269,0.7777777777777778
416,0.5534182171521614,0.552
417,0.4104187161217148,0.4044943820224719
418,0.6708351350946833,0.6623134328358209
419,0.7241963611707244,0.7302325581395349
420,0.6216385862961801,0.6254295532646048
421,0.5557236707667337,0.5887445887445888
422,0.7268893695901929,0.7419354838709677
423,0.38370626356477966,0.37073170731707317
424,0.5197934025949378,0.49902152641878667
425,0.7401088682945531,0.7317073170731707
426,0.7923571554241847,0.8037904124860646
427,0.5193677580591246,0.5384615384615384
428,0.742162452257997,0.7302452316076294
429,0.5653281290179394,0.574468085106383
430,0.5813078825178218,0.5888888888888889
431,0.7011992108789963,0.7277486910994765
432,0.9311309529905931,0.942339373970346
433,0.9439301124767729,0.9477611940298507
434,0.999687135219574,1.0
435,0.9351320222599094,0.9467455621301775
436,0.2975730845667957,0.29896907216494845
437,0.5512337506602092,0.5714285714285714
438,0.56699272057913,0.564185544768069
439,0.6481773793259278,0.65098374679213
440,0.786748306806214,0.8
441,0.8099242062021821,0.8
442,0.8460662512543733,0.8449367088607594
443,0.336450083788625,0.34615384615384615
444,0.34140190508203455,0.36363636363636365
445,0.8063028635135278,0.7941176470588235
446,0.4849014101421016,0.4846029173419773
447,0.589594519335101,0.5925925925925926
448,0.7610809681574378,0.75
449,0.8215318952177076,0.8309278350515464
450,0.7928613365551197,0.8608349900596421
451,0.6957428279631794,0.7018072289156626
452,0.4665618109154041,0.23809523809523808
453,0.46655481931668,0.4723618090452261
454,0.837394902277382,0.8466666666666667
455,0.8636016926873483,0.8719937936384794
456,0.37875765252841936,0.3829787234042553
457,0.6604893246971708,0.6691176470588235
458,0.6123330472098407,0.6161971830985915
459,0.6693320510790912,0.6865671641791045
460,0.5715532451862968,0.5714285714285714
461,0.7557886673828603,0.7543859649122807
462,0.7197909649872227,0.724
463,0.8756809147564291,0.885576923076923
464,0.9280926971569324,0.9405255878284924
465,0.5401964520237276,0.5714285714285714
466,0.8756809147564291,0.885576923076923
467,0.3291593080773324,0.328
468,0.8505361715433438,0.8544303797468354
469,0.7327844625092284,0.7370689655172413
470,0.7260751806985692,0.7692307692307693
471,0.8265765888267492,0.83003300330033
472,0.2888665214025256,0.2903225806451613
473,0.8751941583732306,0.8831081081081081
474,0.9091981019340333,0.9230769230769231
475,0.9258672905786588,0.9396984924623115
476,0.9271048240927394,0.9418052256532067
477,0.6732257043976339,0.7065217391304348
478,0.39295576673915494,0.34841628959276016
479,0.5822219556131379,0.5587044534412956
480,0.7203326242882447,0.7247191011235955
481,0.6561747716455708,0.6741573033707865
482,0.4055329622862379,0.37521222410865873
483,0.21662672174512748,0.21254355400696864
484,0.8899319621607781,0.9021406727828746
485,0.4750917751657716,0.5
486,0.5556871761523704,0.6
487,0.6639951044777054,0.6826666666666666
488,0.6688772818188286,0.6703296703296703
489,0.9427670202171519,0.9489795918367347
490,0.341387666154134,0.3404255319148936
491,0.7081755460305461,0.703125
492,0.7818187495164934,0.7847222222222222
493,0.7657277367480766,0.7621621621621621
494,0.7871951217530295,0.8035714285714286
495,0.7527768358027478,0.7468354430379747
496,0.6068410108851982,0.6068376068376068
497,0.2629735298817619,0.261455525606469
498,0.17085327967135724,0.15789473684210525
499,0.875746183040625,0.8836583725622058
500,0.8648560252186728,0.8731744811683321
501,0.9401954813558979,0.9473684210526315
502,0.8821661116575771,0.8995327102803738
503,0.7242653620272388,0.7126436781609196
504,0.5964004506026476,0.5929203539823009
505,0.7449651576745199,0.7882882882882883
506,0.8324006971992144,0.8394160583941606
507,0.9427670202171519,0.9489795918367347
508,0.798472003655007,0.7975460122699386
509,0.6691628086708212,0.6855345911949685
510,0.4304907012130232,0.43646408839779005
511,0.4361819575477468,0.4146919431279621
512,0.6330473471410972,0.6439393939393939
513,0.6359118101698118,0.63
514,0.655365099439339,0.6731843575418994
515,0.404364307005422,0.3739424703891709
516,0.568318532254124,0.5740740740740741
517,0.7790688316704394,0.7802197802197802
518,0.6497833320491283,0.6525063721325404
519,0.8031105779886365,0.8117647058823529
520,0.7539204196740092,0.7484276729559748
521,0.7541300814186213,0.7796610169491526
522,0.8542643584515107,0.9013452914798207
523,0.6216023145586955,0.6338582677165354
524,0.8059682062802866,0.8179245283018868
525,0.8039713129785167,0.8160152526215443
526,0.7387437017425472,0.7348484848484849
527,0.7130361274233556,0.7377049180327869
528,0.73016500227739,0.7345132743362832
529,0.6137622818773928,0.6175548589341693
530,0.6123330472098407,0.6161971830985915
531,0.593966064464821,0.5918367346938775
532,0.5427019313656126,0.45901639344262296
533,0.5554277593500432,0.5879396984924623
534,0.7062400123736063,0.7324561403508771
535,0.755952829318653,0.7752808988764045
536,0.8665926231048225,0.8746268656716418
537,0.8801287095237819,0.8905038759689923
538,0.9083218713770651,0.9222577209797657
539,0.6066897941919238,0.6153846153846154
540,0.6392141189561873,0.6419213973799127
541,0.7610809681574378,0.75
542,0.7667571952179855,0.7760532150776053
543,0.8087248364428133,0.8149466192170819
544,0.5045553729926368,0.49193548387096775
545,0.7203370373301492,0.7225274725274725
546,0.4992605653550488,0.5096153846153846
547,0.45645025190310784,0.4228187919463087
548,0.8060356126004492,0.8938869665513264
549,0.8416528804367026,0.8627450980392157
550,0.4693621636495069,0.45934959349593496
551,0.611978155858668,0.6150081566068516
552,0.5534809519320231,0.5766871165644172
553,0.794385417080532,0.8060671722643553
554,0.8996583154987626,0.9399796541200407
555,0.7941054986893423,0.8053830227743272
556,0.8276563212208727,0.8400702987697716
557,0.9282698792392836,0.9198813056379822
558,0.5193891445371522,0.5172413793103449
559,0.7915556168155629,0.8612244897959184
560,0.7061815385262351,0.7412280701754386
561,0.7037805456638828,0.7289156626506024
562,0.6045886218921315,0.6106194690265486
563,0.4814798175544476,0.48117839607201307
564,0.5740544058330006,0.5646687697160884
565,0.5649358368209773,0.559322033898305
566,0.7252830620815742,0.7413793103448276
567,0.7154785228985451,0.7321428571428571
568,0.6088715162827364,0.6122448979591837
569,0.2818106880497589,0.25675675675675674
570,0.5579172455736358,0.5554272517321016
571,0.8566084541072116,0.8659420289855072
572,0.3212973745563681,0.32061068702290074
573,0.47844308235012656,0.4601449275362319
574,0.5673289023656823,0.5751445086705202
575,0.7930552435447272,0.8813376483279396
576,0.8140651222957417,0.8215767634854771
577,0.5098168567356764,0.5172413793103449
578,0.729616197446982,0.7619047619047619
579,0.5257713326265064,0.5194174757281553
580,0.5643221800375162,0.5647668393782384
581,0.508210483930316,0.505730659025788
582,0.6679054724611303,0.6480446927374302
583,0.7254760307927539,0.7319587628865979
584,0.5362032417685471,0.49416342412451364
585,0.6399146222165983,0.6428571428571429
586,0.5105781374055705,0.5159817351598174
587,0.5732828405790903,0.5714285714285714
588,0.8697264972578982,0.875453446191052
589,0.927776024975338,0.941834451901566
590,0.6398217356528945,0.6488095238095238
591,0.4403686370591145,0.40336134453781514
592,0.6190116022354074,0.6081081081081081
593,0.3499080871104036,0.36
594,0.5834890315976035,0.597457627118644
595,0.6796892913902739,0.673469387755102
596,0.5777488572101476,0.5245901639344263
597,0.5720450394096634,0.5699481865284974
598,0.570740346769992,0.5683003128258602
599,0.7947762843466989,0.8284023668639053
600,0.6355409308610752,0.6341463414634146
601,0.6093651491827651,0.6666666666666666
602,0.7827151803963158,0.784
603,0.6565081082347962,0.6661367249602543
604,0.6976395714829536,0.7041420118343196
605,0.8890018305592093,0.9166666666666666
606,0.7928888424534849,0.8045851528384279
607,0.7438256364516572,0.7478260869565218
608,0.6176412415564118,0.6226993865030674
609,0.8565226800073038,0.9026455026455027
610,0.849965396215538,0.8992718446601942
611,0.2293867876215147,0.20625
612,0.9311309529905931,0.942339373970346
613,0.9403942205126025,0.9446153846153846
614,0.8402396918255624,0.8443843031123139
615,0.6632487272751161,0.6627906976744186
616,0.5329577295955101,0.5047169811320755
617,0.6083251169508851,0.6060606060606061
618,0.8493098994413361,0.9
619,0.7261612042793737,0.7312775330396476
620,0.7958239070987657,0.8829113924050633
621,0.9380877783555781,0.9433962264150944
622,0.37014815346035745,0.3793103448275862
623,0.35408272933304047,0.375
624,0.47778506847340374,0.4805194805194805
625,0.36524498888424467,0.34285714285714286
626,0.7412081545023648,0.7405660377358491
627,0.8837272772468635,0.9560439560439561
628,0.544862412981284,0.5176991150442478
629,0.23417177494844466,0.2111801242236025
630,0.3544639644143026,0.3409090909090909
631,0.8284633563081336,0.8304552590266876
632,0.14104785331409014,0.14285714285714285
633,0.27271220173759037,0.2537313432835821
634,0.3628942940244503,0.36419753086419754
635,0.5502634764749054,0.5485232067510548
636,0.7958614351265284,0.8827258320126783
637,0.7659046108485807,0.780952380952381
638,0.697353599636379,0.868421052631579
639,0.6446770948032992,0.6470588235294118
640,0.6643601771708009,0.6790393013100436
641,0.544862412981284,0.5176991150442478
642,0.8553519063883394,0.8642495784148398
643,0.23417177494844466,0.2111801242236025
644,0.8590096415797277,0.867587327376117
645,0.39029515301808715,0.5
646,0.5398393095585557,0.5402298850574713
647,0.7569892686553343,0.7619047619047619
648,0.3168431344139707,0.30303030303030304
649,0.6009111392788279,0.6061320754716981
650,0.6017587598401887,0.5882352941176471
651,0.8499827812559426,0.8537074148296593
652,0.8523265222896754,0.8620071684587813
653,0.9401954813558979,0.9473684210526315
654,0.6087067934672775,0.6148796498905909
655,0.8223758114511504,0.8596491228070176
656,0.6083634858899466,0.6120527306967984
657,0.18937926083090956,0.16483516483516483
658,0.511016729623382,0.489010989010989
659,0.8785749397856334,0.8958333333333334
660,0.5197288056665658,0.49097472924187724
661,0.7561518005850276,0.7636022514071295
662,0.7963128718497425,0.8166666666666667
663,0.7154536682575693,0.717391304347826
664,0.4347238238723427,0.4261904761904762
665,0.6087828151314191,0.6140350877192983
666,0.6919211241601901,0.6842105263157895
667,0.5579172455736358,0.5554272517321016
668,0.8714119075890694,0.8883792048929664
669,0.7834934170182628,0.8048780487804879
670,0.2310741719008796,0.2080536912751678
671,0.8672029994520565,0.8733459357277883
672,0.41489152725550466,0.4411764705882353
673,0.7160879512607309,0.7181818181818181
674,0.4713006646497509,0.4
675,0.299670791023615,0.25301204819277107
676,0.7855730965495294,0.8335664335664336
677,0.8720095396471215,0.8907563025210085
678,0.3862739069485005,0.3466135458167331
679,0.8868659984852586,0.9285714285714286
680,0.577103029025467,0.5826086956521739
681,0.7077115841163898,0.6933333333333334
682,0.8564074937526793,0.8743455497382199
683,0.3053034921262888,0.3076923076923077
684,0.22637534605575774,0.20279720279720279
685,0.9324555837746281,0.9435483870967742
686,0.8624756053639202,0.879746835443038
687,0.7162023660890923,0.7323943661971831
688,0.7289351528242852,0.753731343283582
689,0.6343538450226953,0.6210526315789474
690,0.9342744246129698,0.9615384615384616
691,0.8694601252691877,0.8791002811621368
692,0.6931590561849363,0.6804511278195489
693,0.6086488945176273,0.6157635467980296
694,0.7446184643205891,0.7590361445783133
695,0.6540197683267303,0.6492146596858639
696,0.42440127730146426,0.4158415841584158
697,0.29156161156482846,0.29292929292929293
698,0.999687135219574,1.0
699,0.8571270341714541,0.9030558482613277
700,0.544862412981284,0.5176991150442478
701,0.23286481590698155,0.21348314606741572
702,0.9377740836508666,0.9444444444444444
703,0.4764060084762093,0.5
704,0.6049397533483616,0.6116504854368932
705,0.8422104530568244,0.8431372549019608
706,0.37157119949864925,0.36980306345733044
707,0.6926475143141166,0.704225352112676
708,0.728515620959043,0.7477477477477478
709,0.6929448433448275,0.7924528301886793
710,0.7293747806039531,0.8846153846153846
711,0.5135310193026708,0.5337078651685393
712,0.6296340937404733,0.6450617283950617
713,0.6111180757938514,0.5895522388059702
714,0.9267038477182025,0.9413833528722158
715,0.9401954813558979,0.9473684210526315
716,0.8979393219350225,0.9162303664921466
717,0.3694208772319177,0.3686200378071834
718,0.9457838525039133,0.9568788501026694
719,0.3443894436669784,0.3430232558139535
720,0.8273529026091994,0.8397887323943662
721,0.8538841139368923,0.8587443946188341
722,0.3907321314875262,0.3870967741935484
723,0.18226704500053106,0.1746031746031746
724,0.8689742298009873,0.8754246885617214
725,0.420504422781051,0.4298245614035088
726,0.5651759068709619,0.5628140703517588
727,0.6932823059311802,0.7052896725440806
728,0.5045553729926368,0.49193548387096775
729,0.6672742252521552,0.6777777777777778
730,0.6766855804117021,0.6932367149758454
731,0.5509162351725242,0.4854368932038835
732,0.8806727288404226,0.9004329004329005
733,0.6137306309009039,0.6052631578947368
734,0.8703475608094857,0.8803418803418803
735,0.9377581013417597,0.9495967741935484
736,0.3584687704778477,0.3597560975609756
737,0.3438261125483105,0.34285714285714286
738,0.8921162049595508,0.9047131147540983
739,0.9036330267810196,0.9173728813559322
740,0.34105490386871823,0.3401360544217687
741,0.5430824086510257,0.5158371040723982
742,0.21631499223070277,0.19130434782608696
743,0.8757400116521934,0.8928571428571429
744,0.21452716859684545,0.19008264462809918
745,0.837394902277382,0.8466666666666667
746,0.7648983438452807,0.7792207792207793
747,0.8279220827519392,0.8309409888357256
748,0.7290351591374364,0.7333333333333333
749,0.2326634961753709,0.22875816993464052
750,0.9380877783555781,0.9433962264150944
751,0.6062858085119317,0.6197183098591549
752,0.3319269164091852,0.3333333333333333
753,0.28956309927408125,0.29411764705882354
754,0.20519854338573257,0.17757009345794392
755,0.869876924847177,0.8755186721991701
756,0.9448055873030212,0.9553191489361702
757,0.6252026796549014,0.6351706036745407
758,0.355322767073442,0.35359116022099446
759,0.6315473112005069,0.6571428571428571
760,0.678187918113991,0.6666666666666666
761,0.5233580616974252,0.5431034482758621
762,0.4341614351990787,0.45454545454545453
763,0.3362430828379706,0.34782608695652173
764,0.5149452537057873,0.5510204081632653
765,0.8324006971992144,0.8394160583941606
766,0.868884304748692,0.874845869297164
767,0.8646485791533819,0.8729792147806005
768,0.8556786493273314,0.8655234657039711
769,0.5539603222113393,0.5515587529976019
770,0.6714241604140119,0.6587301587301587
771,0.5805239422505984,0.556910569105691
772,0.8848689248559597,0.9130434782608695
773,0.5154618770024104,0.5121555915721232
774,0.5495685942925144,0.5700483091787439
775,0.7941054986893423,0.8053830227743272
776,0.4541132992420476,0.4692737430167598
777,0.8651663138794045,0.8734662576687117
778,0.5329826169527345,0.5549738219895288
779,0.7473935772402547,0.76
780,0.8280990177897273,0.8392857142857143
781,0.6825759035649882,0.6567164179104478
782,0.6928080636757373,0.7247557003257329
783,0.7929753827974415,0.8044496487119438
784,0.8282138637141416,0.8407079646017699
785,0.7769816922388586,0.7793764988009593
786,0.8683622913027667,0.8782527881040892
787,0.3734938466883602,0.3870967741935484
788,0.495552108080614,0.5053003533568905
789,0.4741565517834148,0.48535564853556484
790,0.5766718857800395,0.5771144278606966
791,0.5310768630063857,0.5529411764705883
792,0.9422651642487724,0.9492753623188406
793,0.6397115693084899,0.6297619047619047
794,0.3490222505088958,0.3465909090909091
795,0.3342339092107322,0.3333333333333333
796,0.3044836429916021,0.28975265017667845
797,0.7483884412833715,0.7449856733524355
798,0.9423450703400182,0.951048951048951
799,0.7464075716925149,0.7870967741935484
800,0.8500622317509899,0.8539682539682539
801,0.6461150712349394,0.632183908045977
802,0.7984862625157451,0.8
803,0.6979146104679855,0.6923076923076923
804,0.485057403069114,0.46923076923076923
805,0.5660780117406464,0.5739130434782609
806,0.8273524682419453,0.8298887122416534
807,0.5519080898384121,0.578125
808,0.6061961131421054,0.6333333333333333
809,0.5721239320330583,0.570273003033367
810,0.8537668027347505,0.8997020854021847
811,0.7196158148301612,0.7368421052631579
812,0.8035844667036914,0.8154875717017208
813,0.6973647863313267,0.7086330935251799
814,0.7661877623887966,0.774869109947644
815,0.7903919107357009,0.7968253968253968
816,0.6388076471876117,0.6292134831460674
817,0.8128796044735316,0.8258642765685019
818,0.629363642925421,0.6377358490566037
819,0.610214058844661,0.6046511627906976
820,0.4201527960206757,0.4444444444444444
821,0.8494872637140934,0.8983451536643026
822,0.9316073985217831,0.9225806451612903
823,0.7517302055229184,0.7594254937163375
824,0.6036099604836641,0.6022304832713755
825,0.5953683279827153,0.603448275862069
826,0.9385653387113,0.9439775910364145
827,0.8808240680110426,0.8984615384615384
828,0.5036562987439704,0.5135135135135135
829,0.8762139990107537,0.8961538461538462
830,0.47333911181262667,0.4725085910652921
831,0.7003738434057662,0.7235023041474654
832,0.7036259091507233,0.7022900763358778
833,0.2310741719008796,0.2080536912751678
834,0.5540789608556567,0.5243243243243243
835,0.8229385601922152,0.8372093023255814
836,0.9379987616247506,0.9497991967871486
837,0.7921684313432479,0.8035516093229744
838,0.8449284380354015,0.847457627118644
839,0.7746155619034926,0.7831050228310502
840,0.723026485125873,0.7293577981651376
841,0.674674397238935,0.6910377358490566
842,0.5784747496822232,0.5864661654135338
843,0.5743572963151639,0.5675675675675675
844,0.3499080871104036,0.36
845,0.6719803479855553,0.6976744186046512
846,0.45294175213935917,0.4603174603174603
847,0.5454476643828886,0.5822784810126582
848,0.48454932451405686,0.5068119891008175
849,0.5989617360724148,0.6030013642564802
850,0.6579566383949746,0.6666666666666666
851,0.8690157389265172,0.8747720364741641
852,0.8653170972503629,0.8751156336725254
853,0.9294896375783234,0.9358974358974359
854,0.3148375618398765,0.32
855,0.8208647577603632,0.8326848249027238
856,0.5799728685639686,0.5783018867924529
857,0.5352232386410924,0.5335051546391752
858,0.6547155997410078,0.6387096774193548
859,0.8329882848098504,0.8330522765598651
860,0.8773861783742904,0.92
861,0.3443894436669784,0.3430232558139535
862,0.6766855804117021,0.6932367149758454
863,0.679428703197307,0.6840148698884758
864,0.7196963502281581,0.7333333333333333
865,0.451590193388347,0.47368421052631576
866,0.6219253747927728,0.6590909090909091
867,0.5636679206009858,0.59375
868,0.32152462608765936,0.32710280373831774
869,0.38206604281216133,0.3354564755838641
870,0.3948219262161288,0.34986945169712796
871,0.6547155997410078,0.6387096774193548
872,0.4043446396554363,0.41040462427745666
873,0.4055329622862379,0.37521222410865873
874,0.9429269720121132,0.9666666666666667
875,0.49240662115145495,0.3728813559322034
876,0.8268009026388669,0.8401697312588402
877,0.6290693752305515,0.6407766990291263
878,0.689179808757785,0.7153846153846154
879,0.6972836777495508,0.65
880,0.8187872116337876,0.824773413897281
881,0.642152620686092,0.6593406593406593
882,0.6639811860032484,0.6153846153846154
883,0.7609953850135207,0.76
884,0.7624800522734424,0.7608695652173914
885,0.6583000156035748,0.6861313868613139
886,0.4430796184524602,0.40476190476190477
887,0.7102474204135903,0.7142857142857143
888,0.3798447706575145,0.3448940269749518
889,0.8672216806786114,0.8873873873873874
890,0.9035904376714392,0.8966942148760331
891,0.7921972880271579,0.8806282722513089
892,0.8325326830275053,0.8324958123953099
893,0.8302221552302745,0.83
894,0.39752396879305735,0.42424242424242425
895,0.6766070328875942,0.6683673469387755
896,0.6690535469531327,0.6923076923076923
897,0.8098078203941644,0.8170731707317073
898,0.5643221800375162,0.5647668393782384
899,0.6834401074356314,0.6666666666666666
900,0.2857935283128117,0.2872340425531915
901,0.5708606762632613,0.5605095541401274
902,0.42675115634995725,0.41968911917098445
903,0.5356743085705815,0.55
904,0.788654762945232,0.7878787878787878
905,0.538189322657649,0.5289855072463768
906,0.7610809681574378,0.75
907,0.28778455401151526,0.29213483146067415
908,0.5984017971879219,0.5896551724137931
909,0.5105781374055705,0.5159817351598174
910,0.7106985136235027,0.7117117117117117
911,0.6260140717877875,0.6254295532646048
912,0.29944882299417325,0.28225806451612906
913,0.3507186978506697,0.34831460674157305
914,0.6432776682003485,0.6483516483516484
915,0.8682384862716551,0.8761904761904762
916,0.7977238610828457,0.8013698630136986
917,0.8478415345099548,0.8993377483443709
918,0.6273082572078651,0.6070175438596491
919,0.5400692554079567,0.5352941176470588
920,0.4846889432290764,0.5135135135135135
921,0.6008704516944539,0.6151315789473685
922,0.6760696023740802,0.6866666666666666
923,0.6677239070896547,0.6625514403292181
924,0.6469539233461704,0.6511936339522546
925,0.7477578997549632,0.7727272727272727
926,0.9404625351796281,0.935251798561151
927,0.7531740772351603,0.7623762376237624
928,0.5790204496067201,0.5871212121212122
929,0.8400506276719762,0.8438818565400844
930,0.909631080138392,0.9037656903765691
931,0.4809321577950494,0.5
932,0.6875957641063195,0.8125
933,0.9373069745178886,0.9485294117647058
934,0.529795519666124,0.5352112676056338
935,0.8494872637140934,0.8983451536643026
936,0.935862212609656,0.9426229508196722
937,0.8850740047261517,0.9022222222222223
938,0.37884106330090506,0.40625
939,0.6740274502993049,0.6660746003552398
940,0.7930486184815775,0.8044444444444444
941,0.9257976829889144,0.9402810304449649
942,0.9348674560478921,0.9463220675944334
943,0.6691235157971581,0.6666666666666666
944,0.5001553588144919,0.4970588235294118
945,0.41489152725550466,0.4411764705882353
946,0.6771024325879561,0.6440677966101694
947,0.6589008476734732,0.6767676767676768
948,0.6373086541756824,0.6363636363636364
949,0.4043446396554363,0.41040462427745666
950,0.4035077640206367,0.3730834752981261
951,0.7106457202149971,0.7146341463414634
952,0.7009525598166342,0.676056338028169
953,0.8304214822557623,0.8369565217391305
954,0.730987978252079,0.7466666666666667
955,0.5249505641519502,0.5348837209302325
956,0.7622105498675326,0.7628865979381443
957,0.7914357488827918,0.8076923076923077
958,0.6640661601607996,0.6759259259259259
959,0.8944719035343868,0.96045197740113
960,0.6808247624128784,0.6710526315789473
961,0.8365911016583132,0.8434343434343434
962,0.783520413870438,0.8457300275482094
963,0.6336838399237155,0.6311475409836066
964,0.6078517980440589,0.6099518459069021
965,0.380138918228103,0.3333333333333333
966,0.6026090398506054,0.6440677966101694
967,0.5135424840974038,0.5095320623916811
968,0.690089387174794,0.6944444444444444
969,0.6664226154230026,0.6666666666666666
970,0.6011914683134092,0.5972222222222222
971,0.4374145985137715,0.46153846153846156
972,0.8918398353887845,0.9139072847682119
973,0.5401964520237276,0.5714285714285714
974,0.7420007779796883,0.7285318559556787
975,0.8678186672814681,0.8739076154806492
976,0.8537157875836613,0.8635547576301615
977,0.8566084541072116,0.8659420289855072
978,0.35408272933304047,0.375
979,0.6862290854593455,0.674074074074074
980,0.8220337906479835,0.84
981,0.44946681807700195,0.4585635359116022
982,0.511099843697863,0.527027027027027
983,0.4619073984760257,0.46083788706739526
984,0.6973386892285096,0.7203791469194313
985,0.6725093817975879,0.6834532374100719
986,0.3053034921262888,0.3076923076923077
987,0.4597929545530805,0.45871559633027525
988,0.7928446789667734,0.8233766233766234
989,0.794423967808696,0.8232931726907631
990,0.613417117218991,0.6075949367088608
991,0.7657277367480766,0.7621621621621621
992,0.41149637499669206,0.40852130325814534
993,0.6813902766319444,0.7115384615384616
994,0.9143754585662149,0.9285714285714286
995,0.6537138296064673,0.6410256410256411
996,0.6004852447486219,0.5773809523809523
997,0.355322767073442,0.35359116022099446
998,0.6107353317968123,0.6302521008403361
999,0.8140651222957417,0.8215767634854771
1000,0.783125488568637,0.786046511627907
1001,0.2855270594325583,0.2641509433962264
1002,0.8509579661968144,0.8962892483349191
1003,0.7366551958333957,0.7389830508474576
1004,0.9326907368040686,0.943217665615142
1005,0.2857935283128117,0.2872340425531915
1006,0.7198672751992632,0.75
1007,0.8069071699573913,0.8156028368794326
1008,0.8304214822557623,0.8369565217391305
1009,0.3843637850807699,0.371900826446281
1010,0.4750917751657716,0.5
1011,0.8814827238482614,0.898360655737705
1012,0.949201607311149,0.9538461538461539
1013,0.8068634010736356,0.839851024208566
1014,0.7242653620272388,0.7126436781609196
1015,0.664777843356652,0.6911764705882353
1016,0.7827151803963158,0.784
1017,0.7281798276125057,0.7156862745098039
1018,0.6334008310296211,0.6434426229508197
1019,0.8881872416973505,0.899402390438247
1020,0.8689926917593622,0.8749233599019006
1021,0.8597182975974419,0.8793103448275862
1022,0.832201860251552,0.8345588235294118
1023,0.1477926283966077,0.14285714285714285
1024,0.5278277201762906,0.5289855072463768
1025,0.7170810261035535,0.7104247104247104
1026,0.8239274118040707,0.8384615384615385
1027,0.630017437340643,0.627906976744186
1028,0.8786353949577578,0.9032258064516129
1029,0.8408983292254562,0.8666666666666667
1030,0.43637830705948255,0.4017094017094017
1031,0.9257856174505661,0.939820742637644
1032,0.7940465328859183,0.7931034482758621
1033,0.9036330267810196,0.9173728813559322
1034,0.9379987616247506,0.9497991967871486
1035,0.6446904355994882,0.66996699669967
1036,0.5946677416889135,0.5695364238410596
1037,0.9377581013417597,0.9495967741935484
1038,0.9142716657666078,0.9095022624434389
1039,0.670122714530239,0.66
1040,0.7319323439104719,0.7350993377483444
1041,0.591642991664498,0.5769230769230769
1042,0.8528494640870948,0.9009216589861752
1043,0.8473506811193764,0.898936170212766
1044,0.9379987616247506,0.9497991967871486
1045,0.45049713886197795,0.4659090909090909
1046,0.9398728907108307,0.9090909090909091
1047,0.6760696023740802,0.6866666666666666
1048,0.8167779979487624,0.819672131147541
1049,0.6271651158340917,0.6440129449838188
1050,0.5899951552451518,0.6
1051,0.9159566857563376,0.9299568965517241
1052,0.6588341164782865,0.6775956284153005
1053,0.3974879024122563,0.39156626506024095
1054,0.5451821512551451,0.5658536585365853
1055,0.6793616162982711,0.6585365853658537
1056,0.6874389977050634,0.6845637583892618
1057,0.2320733581146875,0.2088607594936709
1058,0.5816059644388092,0.5916030534351145
1059,0.5584271449443697,0.5559400230680508
1060,0.6467172865302205,0.6627218934911243
1061,0.8833122265343692,0.900497512437811
1062,0.43198407663604216,0.45454545454545453
1063,0.6516497236663078,0.6477987421383647
1064,0.37954458330982715,0.3448275862068966
1065,0.6083575628498412,0.613882863340564
1066,0.6092793282273469,0.6086956521739131
1067,0.36721322506459547,0.36792452830188677
1068,0.5617377833315791,0.5802469135802469
1069,0.5979812324048907,0.5876288659793815
1070,0.8167779979487624,0.819672131147541
1071,0.6090557246119191,0.6133056133056133
1072,0.47931507123071837,0.5
1073,0.7106985136235027,0.7117117117117117
1074,0.7972275290690698,0.8089430894308943
1075,0.5546715717740832,0.5692307692307692
1076,0.6111180757938514,0.5895522388059702
1077,0.5965836749742184,0.6
1078,0.8786235479002847,0.8887814313346228
1079,0.43629057162518214,0.44989106753812635
1080,0.8467200534902309,0.8981481481481481
1081,0.7263445663392207,0.730593607305936
1082,0.6022802995164509,0.6424242424242425
1083,0.3724127534264577,0.36328125
1084,0.33389901951416806,0.2916666666666667
1085,0.7241242412561386,0.7142857142857143
1086,0.884019848241991,0.9071428571428571
1087,0.7480100826631336,0.7692307692307693
1088,0.7948773163659245,0.806282722513089
1089,0.6443146662108633,0.6666666666666666
1090,0.4584101910967638,0.36904761904761907
1091,0.8043864967673852,0.812933025404157
1092,0.8016828214948576,0.8083623693379791
1093,0.546214298865096,0.5436654366543665
1094,0.7374528433941955,0.7547169811320755
1095,0.7343686757085017,0.75
1096,0.4036815443370662,0.4
1097,0.4638169185207455,0.4295774647887324
1098,0.6246367367939031,0.6401273885350318
1099,0.6959611378024626,0.6966292134831461
1100,0.5507226383816886,0.5583333333333333
1101,0.760738197219767,0.768762677484787
1102,0.8868177150363843,0.9481641468682506
1103,0.5759712404204239,0.5178571428571429
1104,0.6793616162982711,0.6585365853658537
1105,0.7758362559927772,0.7804878048780488
1106,0.6846413998651715,0.6912751677852349
1107,0.6753506625900338,0.6672297297297297
1108,0.7377787424144462,0.7605633802816901
1109,0.7970487409515755,0.8854700854700854
1110,0.5766718857800395,0.5771144278606966
1111,0.5740334614779888,0.5721596724667349
1112,0.8328120468428858,0.8327759197324415
1113,0.8830368325427098,0.9098360655737705
1114,0.5239620902069377,0.5172413793103449
1115,0.5021638670939439,0.4948453608247423
1116,0.45879992689600896,0.4577205882352941
1117,0.5091658977460701,0.5054151624548736
1118,0.21156718386339438,0.18518518518518517
1119,0.8592963618626307,0.8778625954198473
1120,0.671438345942701,0.675
1121,0.8587937768239374,0.8681818181818182
1122,0.8193086418340667,0.8335535006605019
1123,0.8262057991330474,0.8385964912280702
1124,0.5243383227258911,0.5266666666666666
1125,0.583391529708593,0.5774647887323944
1126,0.45876311192955355,0.4782608695652174
1127,0.47341693514781574,0.47183098591549294
1128,0.7120343637735701,0.7317073170731707
1129,0.836130841526031,0.8398835516739447
1130,0.616325728478528,0.6310904872389791
1131,0.8593514145206809,0.8679092382495948
1132,0.8558335089143587,0.865158371040724
1133,0.8742416222526054,0.8840996168582376
1134,0.6791235417533621,0.6956521739130435
1135,0.550165785662366,0.5700934579439252
1136,0.8191299892289315,0.8328530259365994
1137,0.8232254409461165,0.8351851851851851
1138,0.7770412939323308,0.7839805825242718
1139,0.6871231281701574,0.7078313253012049
1140,0.461209127785408,0.4570446735395189
1141,0.5349861535471173,0.5588235294117647
1142,0.7334903074118205,0.72
1143,0.7320620259315157,0.7479674796747967
1144,0.8545046133724269,0.9016949152542373
1145,0.7322291304953359,0.7730769230769231
1146,0.9423450703400182,0.951048951048951
1147,0.6665895498680474,0.6818181818181818
1148,0.752846379130844,0.7619047619047619
1149,0.569504089291929,0.5668449197860963
1150,0.8711513249642463,0.8811787072243346
1151,0.6667110290613214,0.6976744186046512
1152,0.7681732131438628,0.7995689655172413
1153,0.3837450803723508,0.3877551020408163
1154,0.22230061730504208,0.19858156028368795
1155,0.7598052625910424,0.7872340425531915
1156,0.5105781374055705,0.5159817351598174
1157,0.43214806030541186,0.42857142857142855
1158,0.5787675695138017,0.5792079207920792
1159,0.5603155026896218,0.5535714285714286
1160,0.7099334017449983,0.7291666666666666
1161,0.8000327757056203,0.8587786259541985
1162,0.5106846351704343,0.5071428571428571
1163,0.8921162049595508,0.9047131147540983
1164,0.3053034921262888,0.3076923076923077
1165,0.6632810424714144,0.6411764705882353
1166,0.8686845877713096,0.8745410036719706
1167,0.9277899338092631,0.9419588875453446
1168,0.9348674560478921,0.9463220675944334
1169,0.28778455401151526,0.29213483146067415
1170,0.6845129943023764,0.6837606837606838
1171,0.6537443669364177,0.6580310880829016
1172,0.2739428692454287,0.255
1173,0.6402027510758027,0.6305125148986889
1174,0.6438138777317407,0.6342925659472423
1175,0.832201860251552,0.8345588235294118
1176,0.7478328196768138,0.7561837455830389
1177,0.744961384094237,0.7671232876712328
1178,0.6960214465185147,0.8383838383838383
1179,0.7996793637937406,0.8028169014084507
1180,0.8693324799955252,0.8750758035172832
1181,0.6511415577653326,0.6571428571428571
1182,0.6774357836303149,0.669220945083014
1183,0.3734938466883602,0.3870967741935484
1184,0.909530967384063,0.902676399026764
1185,0.7294679965598182,0.729957805907173
1186,0.8691743017749672,0.8749241044323012
1187,0.36366017124603545,0.375
1188,0.7563490258117482,0.7506925207756233
1189,0.6797306187863174,0.6961722488038278
1190,0.8031425686607172,0.8147792706333973
1191,0.6209462403282178,0.6127659574468085
1192,0.5516645782841252,0.5625
1193,0.8051791565830463,0.8171641791044776
1194,0.6679199717069297,0.6819338422391857
1195,0.8285227905996627,0.841091492776886
1196,0.8660814200469592,0.884
1197,0.9404625351796281,0.935251798561151
1198,0.6980754434285502,0.7257142857142858
1199,0.8072113657129865,0.8395522388059702
1200,0.6633026032706122,0.6363636363636364
1201,0.475176865936416,0.47330960854092524
1202,0.7607223411314238,0.7692307692307693
1203,0.7130361274233556,0.7377049180327869
1204,0.579229147666601,0.5223880597014925
1205,0.6615641546118689,0.6802168021680217
1206,0.44032702205726276,0.45510455104551045
1207,0.6236043468149743,0.6278366111951589
1208,0.6242200304396748,0.627906976744186
1209,0.7705178239826377,0.7857142857142857
1210,0.6837491286072879,0.6761229314420804
1211,0.5805239422505984,0.556910569105691
1212,0.8289819202920268,0.83
1213,0.5544893464264741,0.5862068965517241
1214,0.8510643391020764,0.8995327102803738
1215,0.6665409027093496,0.7037037037037037
1216,0.5989162285745457,0.5759493670886076
1217,0.7354606197507749,0.75
1218,0.37813790908526046,0.4
1219,0.43972294741269685,0.4583333333333333
1220,0.3466741607969075,0.3333333333333333
1221,0.8537157875836613,0.8635547576301615
1222,0.8713050305245073,0.8792134831460674
1223,0.7638292150799941,0.7719298245614035
1224,0.5768888515586181,0.5849056603773585
1225,0.4861324310695961,0.4925373134328358
1226,0.3907321314875262,0.3870967741935484
1227,0.5187060745803744,0.5393258426966292
1228,0.6888682303582245,0.6752136752136753
1229,0.49396129654941423,0.4678260869565217
1230,0.8803682100576565,0.8735632183908046
1231,0.7092748663587041,0.7013888888888888
1232,0.6022216919102851,0.6132404181184669
1233,0.6070319079469912,0.6173410404624278
1234,0.711473734252368,0.7261904761904762
1235,0.8779608400045805,0.8716981132075472
1236,0.4967962649416812,0.42574257425742573
1237,0.8357966892349316,0.8381294964028777
1238,0.4598334895292038,0.48717948717948717
1239,0.6452269705599093,0.6502732240437158
1240,0.2320733581146875,0.2088607594936709
1241,0.457802552252543,0.48148148148148145
1242,0.8921162049595508,0.9047131147540983
1243,0.5805239422505984,0.556910569105691
1244,0.9416583735585718,0.9489795918367347
1245,0.5709107270346926,0.5555555555555556
1246,0.5556871761523704,0.6
1247,0.6022216919102851,0.6132404181184669
1248,0.870282164521686,0.8782918149466192
1249,0.857507227815381,0.8662262592898431
1250,0.7840717840734712,0.8465753424657534
1251,0.9386010751574599,0.9450867052023122
1252,0.6460428204261107,0.6808510638297872
1253,0.4341614351990787,0.45454545454545453
1254,0.5740897706816309,0.556390977443609
1255,0.9325610306690609,0.943939393939394
1256,0.2857935283128117,0.2872340425531915
1257,0.5636679206009858,0.59375
1258,0.5791261722670136,0.5718954248366013
1259,0.6026090398506054,0.6440677966101694
1260,0.623015154683852,0.6371681415929203
1261,0.631897673474528,0.6195652173913043
1262,0.854405540197159,0.8560606060606061
1263,0.8902408175801445,0.9204545454545454
1264,0.35278430967961594,0.3532934131736527
1265,0.5305616144858414,0.5365853658536586
1266,0.6611620611511171,0.6875
1267,0.5153386511005341,0.5357142857142857
1268,0.47256104233543017,0.4717314487632509
1269,0.34973661832367275,0.3096774193548387
1270,0.5355075638144562,0.5172413793103449
1271,0.6106408552201293,0.6164383561643836
1272,0.486478398270656,0.47104247104247104
1273,0.7826968895181389,0.8444130127298444
1274,0.7790279748341274,0.8410740203193033
1275,0.9268919404302002,0.9411098527746319
1276,0.8788794279098511,0.8928571428571429
1277,0.6308700160622547,0.6394052044609665
1278,0.8859939449671707,0.897131552917903
1279,0.8060259564510089,0.8940774487471527
1280,0.8004562390648717,0.8040540540540541
1281,0.7921684313432479,0.8035516093229744
1282,0.8208647577603632,0.8326848249027238
1283,0.6331565064130419,0.6274509803921569
1284,0.5105781374055705,0.5159817351598174
1285,0.49211076612653176,0.4875717017208413
1286,0.9334725420599725,0.9443478260869566
1287,0.8061704235695267,0.8192019950124688
1288,0.8484269442976112,0.868421052631579
1289,0.9341662713951933,0.9455252918287937
1290,0.532111088418506,0.5652173913043478
1291,0.6796981107762574,0.6907020872865275
1292,0.7974333481762406,0.8091370558375635
1293,0.5800838049299137,0.572347266881029
1294,0.44154667370739503,0.43897216274089934
1295,0.8558126505670101,0.9020234291799787
1296,0.6875264725657481,0.6933333333333334
1297,0.30959349728800745,0.29553264604810997
1298,0.8338087924351386,0.8338926174496645
1299,0.939733398441721,0.967741935483871
1300,0.23417177494844466,0.2111801242236025
1301,0.6905955450215212,0.6912442396313364
1302,0.8012803582171796,0.812984496124031
1303,0.4556053654910927,0.4186046511627907
1304,0.9400743601981671,0.946949602122016
1305,0.45483578925592655,0.47619047619047616
1306,0.6012708550233355,0.6
1307,0.6940985859775138,0.7168949771689498
1308,0.5107690821719127,0.5061511423550088
1309,0.8829098018784816,0.8934506353861192
1310,0.6647746358059685,0.6795865633074936
1311,0.8530655818767731,0.8989098116947473
1312,0.3864507478969469,0.35294117647058826
1313,0.673204469408045,0.6648250460405156
1314,0.8250319651273372,0.8369384359400999
1315,0.435060856330669,0.42950108459869846
1316,0.9351320222599094,0.9467455621301775
1317,0.5162289894138546,0.5146853146853146
1318,0.5951291070925004,0.576271186440678
1319,0.6776387828004524,0.6931818181818182
1320,0.39897923466883845,0.3657587548638132
1321,0.6588341164782865,0.6775956284153005
1322,0.5494069126462379,0.5578512396694215
1323,0.9111104175448418,0.9
1324,0.9410044439261188,0.9461279461279462
1325,0.6599030129552891,0.6439628482972136
1326,0.5249224626126718,0.5625
1327,0.8578582689094135,0.8665028665028665
1328,0.8537157875836613,0.8635547576301615
1329,0.9360861586533717,0.9439655172413793
1330,0.7974333481762406,0.8091370558375635
1331,0.8229371585359917,0.8348623853211009
1332,0.7748513159933889,0.78125
1333,0.7752096583112422,0.7824933687002652
1334,0.6114233624537256,0.5850144092219021
1335,0.5752916313158442,0.6040955631399317
1336,0.6596452416330217,0.688212927756654
1337,0.6866848300558331,0.6888888888888889
1338,0.6695149913553495,0.6483516483516484
1339,0.935939162114998,0.944954128440367
1340,0.6808739912927267,0.6730769230769231
1341,0.6111180757938514,0.5895522388059702
1342,0.6606384849483711,0.6908396946564885
1343,0.8409432359433984,0.8433734939759037
1344,0.3893899236753676,0.38544474393531
1345,0.544862412981284,0.5176991150442478
1346,0.37014815346035745,0.3793103448275862
1347,0.7334903074118205,0.72
1348,0.8011673842671296,0.8127490039840638
1349,0.5221695856693512,0.5211267605633803
1350,0.6966759773784056,0.7142857142857143
1351,0.64981303412949,0.6832504145936982
1352,0.37813790908526046,0.4
1353,0.43972294741269685,0.4583333333333333
1354,0.5016571988468725,0.4888888888888889
1355,0.5539603222113393,0.5515587529976019
1356,0.6196753588630496,0.632
1357,0.7925672696241659,0.8273381294964028
1358,0.7499826701716921,0.7923497267759563
1359,0.34530266920652336,0.34285714285714286
1360,0.6148712638200879,0.6170886075949367
1361,0.6900729472879815,0.6829268292682927
1362,0.8653170972503629,0.8751156336725254
1363,0.4831422257534852,0.5
1364,0.8643410247291152,0.8772563176895307
1365,0.6667110290613214,0.6976744186046512
1366,0.6100905411191797,0.6127659574468085
1367,0.7873795638293198,0.8492462311557789
1368,0.8724839447716007,0.8888888888888888
1369,0.4374145985137715,0.46153846153846156
1370,0.7211595519171259,0.7446808510638298
1371,0.6238027928413484,0.6078431372549019
1372,0.6416663294503272,0.6320191158900836
1373,0.6509056759227321,0.6904761904761905
1374,0.7508696283134401,0.7785234899328859
1375,0.8291281249166756,0.8437956204379562
1376,0.7855730965495294,0.8335664335664336
1377,0.8693495894341464,0.8755580357142857
1378,0.4036815443370662,0.4
1379,0.6218906305711602,0.6143497757847534
1380,0.4317999251036095,0.42951541850220265
1381,0.5319483528291987,0.5217391304347826
1382,0.33615718790767934,0.3386243386243386
1383,0.6094597728235216,0.6158301158301158
1384,0.6967887169674744,0.6610169491525424
1385,0.7952009868624884,0.8
1386,0.8980690172085395,0.8461538461538461
1387,0.7888072459611468,0.7864583333333334
1388,0.4019258310948979,0.4046511627906977
1389,0.9233786463737488,1.0
1390,0.5730505850745913,0.5441176470588235
1391,0.8005535155418874,0.8117073170731708
1392,0.7386053598500978,0.7424242424242424
1393,0.6823702944898322,0.6850393700787402
1394,0.9340392950644798,0.9454191033138402
1395,0.35278430967961594,0.3532934131736527
1396,0.30015668201693485,0.3048780487804878
1397,0.779460085337718,0.8415915915915916
1398,0.7120982890043381,0.7083333333333334
1399,0.7453962621881037,0.7283950617283951
1400,0.8304214822557623,0.8369565217391305
1401,0.6961394269185142,0.6889952153110048
1402,0.8051791805545376,0.8088235294117647
1403,0.6936917981923927,0.6976744186046512
1404,0.667713380887673,0.6835443037974683
1405,0.45047055803633285,0.42857142857142855
1406,0.8699540969766534,0.8873239436619719
1407,0.6022216919102851,0.6132404181184669
1408,0.8614148912348844,0.8787878787878788
1409,0.3628942940244503,0.36419753086419754
1410,0.30067275033343505,0.3020833333333333
1411,0.7304604504466582,0.7384615384615385
1412,0.781602272528573,0.7845433255269321
1413,0.3074572084462365,0.29285714285714287
1414,0.8558454147532791,0.8646616541353384
1415,0.8508493725154628,0.9004914004914005
1416,0.877716508526642,0.893223819301848
1417,0.41489152725550466,0.4411764705882353
1418,0.937425595540479,0.9456066945606695
1419,0.3734938466883602,0.3870967741935484
1420,0.812639717075986,0.8256410256410256
1421,0.2084394885319038,0.18181818181818182
1422,0.8683990029917252,0.8743811881188119
1423,0.6124541896307284,0.6262135922330098
1424,0.6091617501676626,0.5968992248062015
1425,0.632856933440074,0.6479289940828402
1426,0.8798294068665419,0.92
1427,0.37408601957254656,0.36056338028169016
1428,0.8395753142820761,0.8471760797342193
1429,0.8373458606007659,0.8387096774193549
1430,0.7412258973886395,0.7297297297297297
1431,0.7372207788229515,0.7231638418079096
1432,0.41489152725550466,0.4411764705882353
1433,0.4948454831024122,0.4694589877835951
1434,0.79325416747827,0.8047337278106509
1435,0.8449284380354015,0.847457627118644
1436,0.774246414570638,0.7824074074074074
1437,0.7787537531663878,0.7864864864864864
1438,0.7278264927810078,0.7321428571428571
1439,0.6888840871300536,0.6920415224913494
1440,0.6850460230482548,0.696969696969697
1441,0.675704936886583,0.6666666666666666
1442,0.6320268537357034,0.6444444444444445
1443,0.4055329622862379,0.37521222410865873
1444,0.631923746633501,0.6419753086419753
1445,0.36066796538868534,0.3619631901840491
1446,0.5690557181702128,0.6428571428571429
1447,0.5083331108784114,0.5137614678899083
1448,0.5903039541716107,0.5918367346938775
1449,0.5868226542296409,0.59375
1450,0.6875957641063195,0.8125
1451,0.8289845340118391,0.8426323319027181
1452,0.7277148648828846,0.7524752475247525
1453,0.6733021245126005,0.686046511627907
1454,0.7319631542843735,0.7457627118644068
1455,0.45150775940231497,0.4166666666666667
1456,0.6191145790680811,0.6271186440677966
1457,0.2320733581146875,0.2088607594936709
1458,0.629191612777702,0.6385542168674698
1459,0.7496266604996858,0.75
1460,0.6459440877669698,0.7
1461,0.6645111769909336,0.655831739961759
1462,0.6293773957924219,0.6170212765957447
1463,0.89260822550958,0.9327586206896552
1464,0.6013996844006285,0.6111111111111112
1465,0.7200859555902324,0.71875
1466,0.6388596973563264,0.6440677966101694
1467,0.8181283980514513,0.8318840579710145
1468,0.7050828011285587,0.7076923076923077
1469,0.5758090704816388,0.631578947368421
1470,0.8881872416973505,0.899402390438247
1471,0.604779128413126,0.576036866359447
1472,0.9055363181219243,0.9193205944798302
1473,0.6639856479717833,0.6736842105263158
1474,0.6846413998651715,0.6912751677852349
1475,0.49396129654941423,0.4678260869565217
1476,0.5740544058330006,0.5646687697160884
1477,0.660044770145058,0.6451612903225806
1478,0.2971766515329903,0.28
1479,0.8971463337354783,0.975
1480,0.5918620564147723,0.6176470588235294
1481,0.6151442323150307,0.61875
1482,0.9137185969448295,0.9060913705583756
1483,0.7469509225971073,0.7837837837837838
1484,0.7873389292419827,0.875
1485,0.6294045542292718,0.625
1486,0.6939940680812672,0.65
1487,0.7798218934175031,0.7878787878787878
1488,0.8532109738031306,0.899009900990099
1489,0.733385619048263,0.735973597359736
1490,0.4201527960206757,0.4444444444444444
1491,0.7337306341422456,0.7142857142857143
1492,0.5125312288097916,0.5
1493,0.7941054986893423,0.8053830227743272
1494,0.7878800266505284,0.7876712328767124
1495,0.7410493898741604,0.782608695652174
1496,0.6047948347408285,0.6100917431192661
1497,0.7419460782442171,0.75
1498,0.671775932213248,0.6801801801801802
1499,0.5918188988648122,0.56957928802589
1500,0.3388648421127399,0.33793103448275863
1501,0.45709075962855744,0.45267489711934156
1502,0.9324555837746281,0.9435483870967742
1503,0.4641250398151801,0.47368421052631576
1504,0.5565181485970823,0.5506329113924051
1505,0.9126119526161536,0.9245283018867925
1506,0.8622891648031599,0.8707643814026793
1507,0.9347985742190827,0.9464285714285714
1508,0.4211300897638113,0.4444444444444444
1509,0.847479250312657,0.8532818532818532
1510,0.9379987616247506,0.9497991967871486
1511,0.5586891725574554,0.625
1512,0.5043136412756961,0.4794069192751236
1513,0.8116635473400976,0.8208092485549133
1514,0.8609399965665472,0.8591549295774648
1515,0.744961384094237,0.7671232876712328
1516,0.7150238942968761,0.7281021897810219
1517,0.863410581597991,0.8778625954198473
1518,0.3456660821073542,0.3492063492063492
1519,0.725636336884756,0.7298701298701299
1520,0.6438807797847623,0.643312101910828
1521,0.6350932437574424,0.6222222222222222
1522,0.35999871393582633,0.37037037037037035
1523,0.5564826836314384,0.5735294117647058
1524,0.7205091086372464,0.7222222222222222
1525,0.6491360164385955,0.6610169491525424
1526,0.8742303177071217,0.8936170212765957
1527,0.32159985874578606,0.3203125
1528,0.677479662475832,0.6691729323308271
1529,0.4055329622862379,0.37521222410865873
1530,0.8694601252691877,0.8791002811621368
1531,0.5903904585534124,0.6
1532,0.7572872025090275,0.7435897435897436
1533,0.6109261012990126,0.6263736263736264
1534,0.6647348149255613,0.6774193548387096
1535,0.7222937696982609,0.7611940298507462
1536,0.8578582689094135,0.8665028665028665
1537,0.6599030129552891,0.6439628482972136
1538,0.585010593462015,0.58777633289987
1539,0.6584370621139654,0.6417445482866043
1540,0.8054864110560674,0.8090551181102362
1541,0.8132685602423315,0.8893805309734514
1542,0.6285250716547731,0.5208333333333334
1543,0.508707473628946,0.47368421052631576
1544,0.6111180757938514,0.5895522388059702
1545,0.8823174165043832,0.8997555012224939
1546,0.3510033086320189,0.3503184713375796
1547,0.43198407663604216,0.45454545454545453
1548,0.9239215103366997,0.9380434782608695
1549,0.9270564239591532,0.9407894736842105
1550,0.7476382578555103,0.7619047619047619
1551,0.8417560102500233,0.8472727272727273
1552,0.9351320222599094,0.9467455621301775
1553,0.6051169692391154,0.611214953271028
1554,0.7736978736747779,0.7761194029850746
1555,0.6757040225676532,0.640625
1556,0.6143398850449997,0.5853018372703412
1557,0.8378892701913491,0.8598130841121495
1558,0.2888665214025256,0.2903225806451613
1559,0.6982014362069637,0.685823754789272
1560,0.7849421568059138,0.7926136363636364
1561,0.5649340679208574,0.5192307692307693
1562,0.4171720804102734,0.37755102040816324
1563,0.9270564239591532,0.9407894736842105
1564,0.949201607311149,0.9538461538461539
1565,0.7469509225971073,0.7837837837837838
1566,0.5648694839122975,0.5621301775147929
1567,0.5092761359644725,0.49238578680203043
1568,0.2614679958784078,0.2727272727272727
1569,0.8522301592012491,0.8560460652591171
1570,0.844263530102377,0.8494318181818182
